{"type": "FeatureCollection", "features": [{"type": "Feature", "properties": {"state_code": "TN", "name": "TamilNadu"}, "geometry": {"type": "MultiPolygon", "coordinates": [[[[79.49204218184133, 9.124308774719513], [79.48883368171745, 9.119047721633395], [79.49645008468478, 9.124931258620824], [79.49204218184133, 9.124308774719513]]], [[[79.48811454260327, 9.12722321102197], [79.48875168978654, 9.128163271780897], [79.48700919259562, 9.127304885890002], [79.48811454260327, 9.12722321102197]]], [[[79.47967113800895, 9.129804991149824], [79.48196382456533, 9.129971650610848], [79.48056296655842, 9.130663745307487], [79.47967113800895, 9.129804991149824]]], [[[79.48149621642561, 9.133217641275536], [79.48301078318116, 9.132552632112807], [79.48327513041981, 9.134342759735048], [79.48149621642561, 9.133217641275536]]], [[[79.47352285799866, 9.136262153900928], [79.4722183371195, 9.139865497032014], [79.4697436285304, 9.139508948452683], [79.47352285799866, 9.136262153900928]]], [[[79.46505462486823, 9.14342506352407], [79.46801073792315, 9.140725506750382], [79.46735188295104, 9.143483271717455], [79.46505462486823, 9.14342506352407]]], [[[79.1387750332067, 9.238056422345661], [79.14111255647549, 9.234247077737932], [79.14178616088624, 9.237246958361185], [79.1387750332067, 9.238056422345661]]], [[[79.15861942778895, 9.238761542074627], [79.16022170515053, 9.235886051041557], [79.1609564300349, 9.238275300606674], [79.15861942778895, 9.238761542074627]]], [[[79.14495479647272, 9.242265366390901], [79.14933379602193, 9.236587364216717], [79.14994495943562, 9.241559202990535], [79.14495479647272, 9.242265366390901]]], [[[79.22012287926195, 9.25096888270043], [79.19140631420022, 9.25700486640225], [79.17492798244604, 9.239788646555024], [79.20465124093764, 9.226023975404148], [79.22012287926195, 9.25096888270043]]], [[[79.24068882493494, 9.240200577743941], [79.228735398895, 9.243422011839455], [79.23655944654193, 9.23529909664713], [79.24068882493494, 9.240200577743941]]], [[[79.13597821570616, 9.25535419761006], [79.13869762088709, 9.251792358455798], [79.13907260104286, 9.25516381266829], [79.13597821570616, 9.25535419761006]]], [[[78.9669359332999, 9.183088852894551], [78.9709365920958, 9.185235961509747], [78.96687402410542, 9.187397576546488], [78.9669359332999, 9.183088852894551]]], [[[79.0873505947799, 9.190828572676839], [79.0695069621344, 9.209604309507217], [79.0566541904427, 9.196907056773954], [79.0873505947799, 9.190828572676839]]], [[[79.13944803484786, 9.2117812136421], [79.14144614585622, 9.213402717287575], [79.1389053967207, 9.21293563584568], [79.13944803484786, 9.2117812136421]]], [[[79.13399780510217, 9.215142685722972], [79.12214284070558, 9.216556215558768], [79.12242876996892, 9.214561649385839], [79.12849398995142, 9.21294329273452], [79.13399780510217, 9.215142685722972]]], [[[79.16455324131337, 9.208993918386819], [79.14721418966803, 9.224973776696027], [79.12371779401116, 9.221158854348001], [79.16455324131337, 9.208993918386819]]], [[[79.14686579964464, 9.234568984437278], [79.14565519583176, 9.23018244947084], [79.14861411791858, 9.231814945859567], [79.14686579964464, 9.234568984437278]]], [[[79.45347821546483, 9.147016969531421], [79.45262809210075, 9.149819971876534], [79.45003024784242, 9.14805738725685], [79.45347821546483, 9.147016969531421]]], [[[79.44494089649915, 9.153487691772437], [79.44464015491508, 9.151137007027392], [79.4457231000412, 9.152163012445898], [79.44494089649915, 9.153487691772437]]], [[[79.44355851953259, 9.156589084137174], [79.44575608617848, 9.158035366276208], [79.44441403009344, 9.158144088758446], [79.44355851953259, 9.156589084137174]]], [[[79.77875386433787, 11.904692896072696], [79.77077725760286, 11.884071236914114], [79.78506296434361, 11.862958221660683], [79.79638034992472, 11.899901487001507], [79.77875386433787, 11.904692896072696]]], [[[77.30671222150434, 8.12713016370954], [77.31004712447016, 8.126281864997269], [77.30548464043089, 8.129389754814648], [77.30671222150434, 8.12713016370954]]], [[[77.24485021916378, 8.17026706520099], [77.24630338247641, 8.172156089652153], [77.24331075110857, 8.170826588769764], [77.24485021916378, 8.17026706520099]]], [[[77.24007568870005, 8.17424510418158], [77.2365026773867, 8.176736289919564], [77.23558603467417, 8.175607726505692], [77.23889814199136, 8.173802500519434], [77.24007568870005, 8.17424510418158]]], [[[78.25586735100646, 8.949772744763804], [78.25089288789982, 8.956033323733106], [78.25185270633985, 8.948918271143482], [78.25586735100646, 8.949772744763804]]], [[[78.49020962399118, 9.094324157998473], [78.49409267535012, 9.08581254174221], [78.49657934590553, 9.09042644336062], [78.49020962399118, 9.094324157998473]]], [[[78.58113433293364, 9.10055502509109], [78.57928814949769, 9.112890854529342], [78.57062758796323, 9.101457082235523], [78.58113433293364, 9.10055502509109]]], [[[78.69488864414869, 9.15517914898536], [78.69614285847365, 9.151288814545392], [78.6965765273636, 9.155755337516874], [78.69488864414869, 9.15517914898536]]], [[[78.73113005229071, 9.152365906402899], [78.73127217744677, 9.155946690361763], [78.72788333783464, 9.153180456544677], [78.73113005229071, 9.152365906402899]]], [[[78.75179305104868, 9.157260663528763], [78.7508544067982, 9.156620285044449], [78.75209995058403, 9.155650527176649], [78.75179305104868, 9.157260663528763]]], [[[78.81666174788282, 9.160117319937969], [78.82361198448997, 9.166234831067714], [78.81944732656083, 9.16569106929856], [78.81666174788282, 9.160117319937969]]], [[[78.82390365847958, 9.166695618989374], [78.82794686418231, 9.168487124096503], [78.82849940713379, 9.173744678550333], [78.82390365847958, 9.166695618989374]]], [[[78.89718503033879, 9.179555725875373], [78.9404009062444, 9.183350508146463], [78.94334523789438, 9.187300532315772], [78.89718503033879, 9.179555725875373]]], [[[78.20743344907628, 8.832065239467786], [78.20390095178223, 8.83729003571588], [78.20466558517566, 8.832064623429266], [78.20743344907628, 8.832065239467786]]], [[[78.20809598803935, 8.840129403826325], [78.21165464157947, 8.834348392854292], [78.21393641180849, 8.83500463702452], [78.20809598803935, 8.840129403826325]]], [[[78.22514039227148, 8.866657151778304], [78.22604500654239, 8.872687684985994], [78.22076775459115, 8.87293542043654], [78.22514039227148, 8.866657151778304]]], [[[78.21851698162932, 8.879910338702135], [78.22348016548925, 8.884087441219252], [78.21775275427443, 8.88513134862858], [78.21851698162932, 8.879910338702135]]], [[[78.26932831628146, 8.937422235402584], [78.27038716679503, 8.942046604367743], [78.2665589503977, 8.939420550481385], [78.26932831628146, 8.937422235402584]]], [[[78.53507206420191, 9.102911781275603], [78.5378690550773, 9.10235305581176], [78.53934650614022, 9.105851073715105], [78.53507206420191, 9.102911781275603]]], [[[79.80699829015762, 11.833580813060266], [79.80060534230158, 11.855314398723273], [79.7660917852181, 11.84059092424407], [79.76846270425588, 11.875970285000681], [79.75097452239189, 11.84805010321307], [79.73988302447718, 11.864596733250895], [79.71735439824894, 11.854522363540218], [79.70995429792394, 11.889188862421873], [79.67397048079131, 11.880662436627203], [79.69535755400766, 11.894797689658345], [79.69624346625264, 11.919177026230338], [79.71860190754863, 11.918974926234034], [79.70655783880157, 11.913502349835635], [79.71113323702134, 11.89075175248961], [79.74064997372743, 11.905469612213121], [79.71748098255057, 11.928974550412898], [79.72084718910911, 11.944898386226395], [79.70962091964725, 11.949840424515362], [79.71111225776617, 11.933056495541798], [79.69724088188227, 11.941759852756737], [79.69567189159356, 11.963871032582805], [79.74755996041995, 12.0078337348639], [79.76036347568798, 11.989244215154885], [79.72344473333014, 11.977093115025331], [79.74447016637265, 11.964999075226748], [79.75021249501111, 11.919949872265745], [79.7846600897016, 11.95990581922332], [79.80501182580689, 11.953299304262227], [79.81254361825425, 11.97793458573014], [79.8405729999714, 11.955828715931101], [79.85706671627314, 12.006807197772092], [79.84046957244115, 12.013271029925544], [79.84976470029905, 12.051816570374996], [79.87379284829845, 12.042623534488682], [80.04604473575641, 12.312502004916302], [80.1376540696415, 12.410563058556344], [80.25466958962974, 12.780807964844268], [80.26059255330215, 12.943937306730879], [80.31108799358798, 13.108066776475427], [80.30073547767375, 13.091207116446482], [80.294909700037, 13.092945170957439], [80.346776834524, 13.313378267171654], [80.3259038213307, 13.44544132734759], [80.26879994891176, 13.56531121693289], [80.24177825326292, 13.470665481610363], [80.21456360667754, 13.49029039781686], [80.14517355876275, 13.49143049450523], [80.13917917004208, 13.504292982539063], [80.07816579537068, 13.488830870127746], [80.08122760869348, 13.549770453838173], [80.05690283608894, 13.536656164528038], [79.99969217105073, 13.542330973640036], [80.00048784932204, 13.525695786564695], [80.04839103915877, 13.512270795322843], [80.04658574883122, 13.493704095711086], [80.01587252264201, 13.497972065530885], [80.00780933268666, 13.478331657573374], [79.97238828223178, 13.46911303512534], [79.97330580708993, 13.429694336739564], [79.93453829684312, 13.416475641844901], [79.96272103355562, 13.391380128421364], [79.93797313558764, 13.35554602167392], [79.91593881453102, 13.359892510187702], [79.86275876081523, 13.316946289727014], [79.80886910539864, 13.31727855695282], [79.79169950386365, 13.293549606515672], [79.76079672955622, 13.318505805900259], [79.75671390545453, 13.295314175629423], [79.73367983943673, 13.288843220040192], [79.79469758081872, 13.24213003292321], [79.79445826603377, 13.226348025357522], [79.75980856567571, 13.20747006064772], [79.73728332160451, 13.236561520236451], [79.71835182286173, 13.216543049279043], [79.70267424216526, 13.222423434420469], [79.71251258756368, 13.244692348658301], [79.68424096704537, 13.244456009287081], [79.67826093430129, 13.261680638689645], [79.69571661152504, 13.267303241047443], [79.68237055155463, 13.295941123489138], [79.66535423494646, 13.2787434628696], [79.6424504282381, 13.290175239729976], [79.63160620687671, 13.269725464320649], [79.59602604681872, 13.284881397452445], [79.57923531244974, 13.25782123868358], [79.53457231260515, 13.275425221996828], [79.53727627394969, 13.338674575127765], [79.45622740428898, 13.338599076303687], [79.43540184370227, 13.351738084475187], [79.38186066544563, 13.307517289059486], [79.42000702031788, 13.289576162332041], [79.44539387647274, 13.301280652207364], [79.43370358135259, 13.275016402159563], [79.40838951838015, 13.265299362647507], [79.4184670015954, 13.242990034800364], [79.43764977080126, 13.242918515434217], [79.43097569877031, 13.229745714461421], [79.4531218825377, 13.238381398983437], [79.43839703347203, 13.188205542503466], [79.37400280880468, 13.189288193957173], [79.38769654912934, 13.177560047561686], [79.36949218540508, 13.172945632438793], [79.38000775991644, 13.16295765523576], [79.35608536159224, 13.164610841946784], [79.36047389046996, 13.123569580372251], [79.34521564514479, 13.12143488266001], [79.34113711948171, 13.136868491282971], [79.30715928349767, 13.105554691318089], [79.2942751085003, 13.109631860895343], [79.31243349016009, 13.12617409167437], [79.28398771146101, 13.122802703447155], [79.28031022248688, 13.15290119610606], [79.25742740850842, 13.16076886624977], [79.2452440236372, 13.138308825015642], [79.23490094452507, 13.170876212654887], [79.21000170738114, 13.148491322118382], [79.23284412951118, 13.139403340555987], [79.23439708846533, 13.105262416119377], [79.18062950151946, 13.084276703144955], [79.19209130206227, 13.06746603471403], [79.17826822320129, 13.059220920464913], [79.19206990958209, 13.056180829486307], [79.18040968197279, 13.048884348090391], [79.19296622431807, 13.046730200543564], [79.16309076696284, 13.020305715221395], [79.11445250189878, 13.039307728076864], [79.08087802924024, 13.025763390431655], [79.06336932087201, 13.053143262528772], [78.99497450747731, 13.086644830615988], [78.92391572753112, 13.080846017643694], [78.90364918046087, 13.047743190551314], [78.92913649521392, 13.045796126471814], [78.94078292919201, 13.036447179611748], [78.93707999813239, 13.030464174969495], [78.89161664877699, 13.033096243460347], [78.89155610412348, 13.097124395051406], [78.84201168058458, 13.078650880666146], [78.81311572465557, 13.089180237788842], [78.79427963058923, 13.066622341327298], [78.75175202588798, 13.054980790599013], [78.71449313195625, 13.068717472793415], [78.70524724345401, 13.015278565951776], [78.65619150253134, 13.031209601277451], [78.6554968811362, 13.015288488520323], [78.62087328132871, 12.991281446343239], [78.65698861451386, 12.932147878432806], [78.6334106814736, 12.931787739324925], [78.59249357821035, 12.782719673383], [78.55560062648436, 12.75582982295686], [78.55584692836557, 12.70020274935658], [78.53487677495072, 12.691170439618489], [78.52958032420521, 12.710264017696135], [78.54425194359874, 12.710983248717536], [78.52504365774723, 12.715464419286633], [78.52089639928685, 12.73617626295899], [78.51666561008142, 12.724418887482651], [78.48906110454426, 12.742025974709659], [78.51998560999671, 12.712059094498882], [78.50304169041387, 12.716815289367016], [78.49975627294212, 12.676186679425557], [78.46787173255565, 12.675938732313181], [78.4649401192535, 12.624076566412478], [78.37139757674097, 12.627154656097296], [78.30096853826684, 12.665917650762392], [78.2710614404507, 12.705106153129343], [78.21056483512118, 12.686125680544832], [78.20572389400515, 12.706451996544152], [78.24098415770226, 12.72999398548896], [78.23092787652435, 12.760710107975598], [78.13421424422798, 12.782017298073104], [78.05331224462464, 12.853904538816527], [78.02384494041199, 12.85655189975727], [78.02896689431189, 12.845236816884155], [78.00389610320325, 12.82564721421979], [78.01529124156544, 12.813842655781642], [77.99559601582935, 12.80591818251525], [77.95231623557105, 12.857168031086449], [77.93997490980492, 12.85319395778685], [77.94065824207186, 12.82339607018204], [77.9205367810048, 12.82820889773221], [77.94175772967397, 12.871687707721982], [77.92770372359786, 12.87496741226749], [77.92930560390406, 12.890966442741178], [77.89032514442587, 12.869706406595466], [77.83599545286062, 12.870381119338248], [77.79244518897194, 12.842177180211218], [77.80986340824498, 12.831583859961038], [77.80851856738256, 12.796777995195747], [77.7787661387971, 12.767815722103714], [77.79160180566743, 12.746741244866335], [77.76331264194992, 12.73694541533832], [77.77443207567335, 12.72426793877944], [77.76468188015714, 12.70113240964885], [77.7374431443491, 12.697799081731741], [77.73990879612354, 12.673043956964857], [77.71157159948778, 12.683191861013476], [77.70420912420012, 12.66145902778967], [77.67863588828509, 12.660443597308726], [77.67636586083347, 12.67952601076466], [77.65989193711238, 12.683894433004356], [77.59885555389157, 12.667212498298946], [77.60621392387841, 12.62896780088484], [77.5910009347789, 12.615298576410309], [77.58033110516024, 12.551646082461735], [77.58718265824018, 12.514811636866535], [77.61630650597695, 12.509237248722883], [77.5836601681784, 12.4788528392406], [77.60740325199207, 12.475181197919726], [77.62606789270495, 12.496366007567193], [77.63460487659904, 12.487656429595134], [77.61678543648249, 12.368258272627251], [77.55131467527016, 12.291266724187727], [77.48757660434083, 12.28055557973168], [77.47109658195727, 12.243571385424744], [77.48260253469628, 12.229497141053374], [77.47201668228533, 12.207954992265371], [77.49268868216247, 12.197393522182413], [77.61073070073765, 12.206205165071065], [77.72767209624021, 12.1815912450574], [77.77614204217288, 12.117377661699548], [77.69634133758198, 12.015830764493368], [77.67564961788776, 11.95207918942064], [77.53794264500492, 11.932488103387339], [77.4941398071977, 11.943399323708942], [77.48615772073944, 11.88751382212378], [77.46158563834392, 11.900087487189793], [77.46657085338619, 11.847184835893952], [77.42723914993698, 11.7609537333848], [77.39440991334996, 11.787738136447707], [77.36480082084952, 11.790508841440106], [77.33510264421898, 11.771336725675313], [77.29380917829273, 11.809105005259582], [77.24983086627284, 11.81312017365265], [77.23855598807265, 11.794760407485793], [77.11070002054556, 11.773582283515912], [77.11765843361839, 11.721181703494356], [77.0801703273554, 11.736092274084529], [77.05638000293757, 11.769886522884818], [77.06289640805974, 11.790507397527783], [77.02881809910443, 11.774785977329858], [77.03870316228752, 11.793957799588268], [77.01289466658271, 11.814726624607673], [76.98210288092527, 11.81161574660393], [76.96987598345834, 11.776971997642793], [76.95388499313566, 11.792168475586104], [76.90795728754192, 11.795358759405845], [76.88830135770964, 11.733756756905947], [76.83495472400082, 11.655530754088979], [76.8580730537889, 11.614143753906212], [76.84688360537223, 11.594584842800884], [76.7568670850972, 11.618552579277772], [76.57669432687602, 11.61461426407002], [76.55990628026636, 11.622589703974073], [76.55050785423563, 11.674312797671627], [76.51162569470402, 11.705098568139624], [76.45816085348362, 11.66445016849655], [76.43133537055408, 11.666481118384091], [76.44403746602653, 11.64727319720974], [76.43246081856958, 11.63136966897424], [76.38807684174046, 11.629747244125733], [76.35455837903989, 11.589391723591929], [76.33586040454172, 11.595815545912588], [76.30236480486347, 11.571306998869511], [76.2789878321388, 11.600891232321787], [76.2341379422909, 11.571160994607832], [76.25148013085325, 11.536925642701922], [76.23974677948152, 11.52673150309296], [76.24722594592458, 11.467987698647654], [76.284414711077, 11.483003598940762], [76.32601222528592, 11.454063100160791], [76.34220449482609, 11.467675752100961], [76.39790351802334, 11.43636016756541], [76.41868184609073, 11.441866009961204], [76.41559944517824, 11.423255076386527], [76.46035580872693, 11.388889462120371], [76.5177257774044, 11.371646340713179], [76.50815900619108, 11.354208716200233], [76.54783047134538, 11.35896837110648], [76.54572606807936, 11.300396525879169], [76.52166340321345, 11.270664462945895], [76.45306208869451, 11.2394545086324], [76.43859358826819, 11.19904787721422], [76.45841393225535, 11.187765637059615], [76.4723380706875, 11.208833542459193], [76.49580969799536, 11.211453654399605], [76.53384183477418, 11.185680250525456], [76.62891880669147, 11.194251381096308], [76.70580407484184, 11.240444064160286], [76.73454195512859, 11.21807401762112], [76.72862158129914, 11.191436136207859], [76.69797454298008, 11.174204692786512], [76.70019005527033, 11.153631351836916], [76.74806348661669, 11.135479816017911], [76.74648747779064, 11.056751507188222], [76.77812140348419, 11.042178632962937], [76.80077283210672, 11.053978576918693], [76.76656342212057, 11.029179068227158], [76.71815228260134, 11.041000446474293], [76.6997058516541, 11.026658177893516], [76.65905766535936, 10.930588113269302], [76.74074814593199, 10.891062695353854], [76.82838585187616, 10.872638198008037], [76.85385616421586, 10.839684388747225], [76.84824284263537, 10.819528153062825], [76.90075956417569, 10.808025012328178], [76.90728614721, 10.783407270025698], [76.89217887544639, 10.718474247936467], [76.86750057086181, 10.694280944315857], [76.88212093597846, 10.638965535985793], [76.81427234229395, 10.635048105047817], [76.81012200440875, 10.623840723749995], [76.81747601127823, 10.602736865086452], [76.83860189752906, 10.596327759920065], [76.84308859699598, 10.536679351345192], [76.81603791900115, 10.423003113104613], [76.84861912624666, 10.367415641613002], [76.82992965969254, 10.30315321540764], [76.84856899127064, 10.28452150124193], [76.87315101711805, 10.297546227649867], [76.87326407997803, 10.27567536990166], [76.91187581337142, 10.234259902237332], [76.98359357405383, 10.219659293726579], [77.04843174343966, 10.259426909772941], [77.04361949900537, 10.28406357385063], [77.09142847623006, 10.315060116029677], [77.12015477363953, 10.31803481324859], [77.17599452062097, 10.358574913364139], [77.23525271029641, 10.352869869019992], [77.22734294720168, 10.316573766283017], [77.26355594702116, 10.263896088071743], [77.25911824975468, 10.23045950223318], [77.28093978148009, 10.236741185955493], [77.2952790897955, 10.218546066864459], [77.2745943967234, 10.1849353629334], [77.26771637837689, 10.122207643029055], [77.23853582179285, 10.130844223014716], [77.20118377975268, 10.107203462288817], [77.26389717657342, 10.029307110386844], [77.25472824853821, 10.01244661221902], [77.2727897980986, 9.964293512469489], [77.24664028035235, 9.952017253500593], [77.21834772998623, 9.904908890535514], [77.2125414844187, 9.877498074020313], [77.23728223269532, 9.851990989022642], [77.22187122885606, 9.823059737693281], [77.24679666985682, 9.798458529415488], [77.22278883815588, 9.788367107662763], [77.22387498667432, 9.730446063265012], [77.20352284722546, 9.722183017835748], [77.20668323358272, 9.694728998866912], [77.16582739901511, 9.61294070168897], [77.20888475551077, 9.61355033919148], [77.23424929302239, 9.581648071167141], [77.26964118955304, 9.572874617524327], [77.31774607812049, 9.602609345833057], [77.33942423962488, 9.573424915282233], [77.36105476167307, 9.602365849241547], [77.3501893697154, 9.567185998199164], [77.36548900312067, 9.53519478813165], [77.3851030741557, 9.519336810032256], [77.40043192706221, 9.52746881084054], [77.41232049024705, 9.509082635352339], [77.3925367067936, 9.459456056981326], [77.36592394492337, 9.460188301875416], [77.34928227250104, 9.441200231004384], [77.32521031456356, 9.337223226160404], [77.29997996289751, 9.336804627972164], [77.29945927330768, 9.311021161307833], [77.28296704371773, 9.301419846029333], [77.28221741937607, 9.216893150524893], [77.25247415809805, 9.189546390942395], [77.26779965130542, 9.153421294028597], [77.21206627114182, 9.099888866730586], [77.19717519062944, 9.046550661534809], [77.16701279699942, 9.044890538208623], [77.14700999349995, 9.021366285015706], [77.19620524368457, 8.954698625123994], [77.1927129127618, 8.926313512430124], [77.2213048859852, 8.927519190106208], [77.2211487048899, 8.904065647688624], [77.25833876990457, 8.874972032966614], [77.26399115562349, 8.84206893499998], [77.22971675791639, 8.78466360073648], [77.19686125369213, 8.768312686031987], [77.19104904151447, 8.741642236905557], [77.16999157904053, 8.741850180160423], [77.20674320690772, 8.684534695318167], [77.20085477716975, 8.668967151607596], [77.25144280681191, 8.620337841286961], [77.2463520882328, 8.603589690871823], [77.28375606367617, 8.54685140048988], [77.26161393400568, 8.50627529103725], [77.20127547528531, 8.500969788757327], [77.22699535039071, 8.446731115514014], [77.20597543749562, 8.44399788947335], [77.16766810003286, 8.383723029823733], [77.15067447307214, 8.384458134764637], [77.1523848465085, 8.35507467547309], [77.17388001759619, 8.358523387673078], [77.16654339492412, 8.342540308394897], [77.1802919477525, 8.323434005256969], [77.12868901857033, 8.324564705561729], [77.09779810741458, 8.29248867977566], [77.31552378893974, 8.122106266017648], [77.55503670091947, 8.076579218513244], [77.57115911117496, 8.093323419759152], [77.56658223163329, 8.118432619550843], [77.60450908765748, 8.147188041581977], [77.72955638351557, 8.164139602758144], [77.75796443297273, 8.145306632942306], [77.79369050907727, 8.162315164094085], [77.84108011859135, 8.251660829583424], [77.89088375190381, 8.270485888983497], [77.99145729405907, 8.350114034109472], [78.0671057401667, 8.374524683323232], [78.06366501655872, 8.412436416973339], [78.14327432519684, 8.501672382616697], [78.13062196405178, 8.5479137061099], [78.14470092802144, 8.598022916658392], [78.13852612794734, 8.680180243669145], [78.20197365496772, 8.756025789339905], [78.20303600980924, 8.790107561005868], [78.20045982123744, 8.792860091743327], [78.1970108717564, 8.762673804406488], [78.1605633200196, 8.77473315897191], [78.19026715962971, 8.928428244749519], [78.2182473738564, 8.968394667218263], [78.40684630967965, 9.109893389467308], [78.52432664314873, 9.13651748088563], [78.57846525137495, 9.130437321947527], [78.65741197703254, 9.157726936823646], [78.64278209067217, 9.175857460853907], [78.66412753416161, 9.19353003197226], [78.71655176695688, 9.18908671281804], [78.7325723810227, 9.211591054333065], [78.96461919525011, 9.274044347056561], [79.08967027121896, 9.26015576057193], [79.20862433492906, 9.281686862971679], [79.21683667845926, 9.255279170895179], [79.29987015475467, 9.24580707230792], [79.43284080252278, 9.160938065639547], [79.31568967824917, 9.274055369821552], [79.32940653312441, 9.320220470158636], [79.3108236013731, 9.327669769489098], [79.26705404794382, 9.292841365485941], [79.20967550664359, 9.282859872923463], [79.06650321501321, 9.298000072856583], [78.93606029979215, 9.409172109432106], [78.89839641119435, 9.489583157285223], [78.91440868260614, 9.493012006839614], [78.92680635430014, 9.58510893445714], [78.98026362002777, 9.689639449117838], [79.11887246731986, 9.852361083483792], [79.11918689383899, 9.877179267009257], [79.15510314508582, 9.931596888215166], [79.26601433963062, 10.039305979968105], [79.22852714515761, 10.090271897864758], [79.22822211501641, 10.147380711379094], [79.29684731753538, 10.262396167384876], [79.38908624916208, 10.317356366192016], [79.51662304077716, 10.313406049891277], [79.76845831957898, 10.271864587511248], [79.85863813740302, 10.28207486924388], [79.88138712665864, 10.3057622861661], [79.85339419498253, 10.626713712483044], [79.85272333941651, 10.826937417467077], [79.8309799692057, 10.827444928275833], [79.82800606321996, 10.84973619689436], [79.80785451038753, 10.855679066423402], [79.82482439307866, 10.864891002659135], [79.81121934611694, 10.880398125603062], [79.82849837413163, 10.883846012287604], [79.78357626961636, 10.888535101430374], [79.78924416654532, 10.908502744131951], [79.75620825995075, 10.89181501883275], [79.76293715257023, 10.913668538067407], [79.72476320324908, 10.929025896149748], [79.73651969162924, 10.957196642676147], [79.71870431728765, 10.955994200863165], [79.73089621369617, 10.9705037300592], [79.76388244974372, 10.95982109923778], [79.74862565160443, 11.003240394929872], [79.79770790720104, 10.982551333598064], [79.81516529930867, 11.003769568529703], [79.84019704604181, 11.002115741134297], [79.85436081546587, 10.983316684627638], [79.84309174667064, 11.351165542234812], [79.75724974423329, 11.557507073112781], [79.79576112682633, 11.785499854197658], [79.76584659994275, 11.791871071733961], [79.75503592167408, 11.775278385334389], [79.71229475598875, 11.791554512491723], [79.73565812013521, 11.809368831004537], [79.73666780944656, 11.844252974808008], [79.76775216381562, 11.822747505505987], [79.80699829015762, 11.833580813060266]], [[79.6758675061774, 11.8143479122054], [79.68962616415442, 11.80214088188235], [79.68130823803561, 11.79631914646354], [79.6758675061774, 11.8143479122054]], [[79.6925612701064, 11.822476034298996], [79.70259985986314, 11.813470708321622], [79.69195776033897, 11.814165203650468], [79.6925612701064, 11.822476034298996]], [[79.69714846500247, 11.874040847061398], [79.69908703118224, 11.861265302900318], [79.69597923848993, 11.86039426285556], [79.69714846500247, 11.874040847061398]], [[79.80092050454093, 12.016965065395308], [79.78928976233419, 12.027686726614663], [79.80531436761481, 12.024543899860484], [79.80092050454093, 12.016965065395308]], [[79.64094715689896, 11.82285239487423], [79.66172425517273, 11.839308530713282], [79.67122518885886, 11.814853842946473], [79.64094715689896, 11.82285239487423]], [[79.599327116536, 11.88294503783985], [79.64111825901112, 11.886605746214917], [79.66266529253514, 11.867300430137107], [79.65782681819285, 11.852701597457623], [79.62685282814465, 11.85427776543606], [79.6284905440442, 11.869791067147641], [79.60197174505434, 11.857802793463547], [79.599327116536, 11.88294503783985]], [[79.68696048721065, 11.967854873498524], [79.67654181846059, 11.948477647565884], [79.65279250303378, 11.957802681829747], [79.66216470454643, 11.969087497871596], [79.68696048721065, 11.967854873498524]], [[79.65136154248174, 12.022298628969834], [79.64268776852607, 11.942117436605766], [79.65735676933055, 11.948055218855774], [79.67053784381753, 11.929824890438839], [79.63209952479986, 11.901271158528562], [79.61787474629324, 11.936051358806303], [79.62638953640993, 12.031895199523003], [79.65136154248174, 12.022298628969834]], [[79.6964898983896, 12.03537025770059], [79.71960396656995, 11.992169296445017], [79.6569393329978, 11.991563719272545], [79.66136068002781, 12.012296084743092], [79.6964898983896, 12.03537025770059]], [[79.80596658403694, 10.879701536943784], [79.8099463264598, 10.878428397259336], [79.80686714241435, 10.877670292611738], [79.80596658403694, 10.879701536943784]], [[79.72200160240261, 10.936063633957827], [79.72017983248118, 10.936117667124279], [79.72162365870473, 10.938308857106673], [79.72200160240261, 10.936063633957827]]]]}}, {"type": "Feature", "properties": {"state_code": "AP", "name": "AndhraPradesh"}, "geometry": {"type": "MultiPolygon", "coordinates": [[[[80.92809268890723, 15.715255098144302], [80.93007900144268, 15.71568484206064], [80.9312328335262, 15.717934221891843], [80.92809268890723, 15.715255098144302]]], [[[80.8118201062017, 15.730490124925055], [80.81326267029227, 15.730741405146414], [80.81174459651386, 15.733212899333914], [80.8118201062017, 15.730490124925055]]], [[[80.79396110068673, 15.770116797698698], [80.79250994061721, 15.770394449803257], [80.79280647269584, 15.768960958775457], [80.79396110068673, 15.770116797698698]]], [[[80.79034340178127, 15.82852924078106], [80.7924342395882, 15.830335255777673], [80.78963342458468, 15.83231962718339], [80.79034340178127, 15.82852924078106]]], [[[80.78820183970348, 15.837083918707863], [80.78917218370373, 15.839281071263777], [80.78742126480704, 15.842839284449038], [80.78820183970348, 15.837083918707863]]], [[[81.00598346650791, 15.791062127708708], [81.0075594358081, 15.791570197211499], [81.00798975038875, 15.795735192246836], [81.00598346650791, 15.791062127708708]]], [[[81.00837159636826, 15.798954323029507], [81.0121518571025, 15.813775250671855], [81.00520216307778, 15.816314869140674], [81.00837159636826, 15.798954323029507]]], [[[80.78777108674498, 15.852805597203139], [80.78353631800285, 15.85469358011521], [80.78738578494657, 15.844842144063408], [80.78777108674498, 15.852805597203139]]], [[[80.7783207542605, 15.86356969598149], [80.77529285054302, 15.8634426952346], [80.78389136993238, 15.857831420239137], [80.7783207542605, 15.86356969598149]]], [[[80.26826078906137, 13.564496252786313], [80.23387262870672, 13.657050371117977], [80.25402770742663, 13.790407620160087], [80.1521063752399, 14.025892545935438], [80.12719956709475, 14.150182032434703], [80.19599454581258, 14.58654774306306], [80.09720816149088, 14.780590680082335], [80.04700170653702, 15.080596743134075], [80.11127478171021, 15.345643639162091], [80.20616829249369, 15.473408504344558], [80.23823648984671, 15.602417381133016], [80.28416631097296, 15.68815487157462], [80.34560957711855, 15.75158671614836], [80.42856219425859, 15.805060488461972], [80.53645035305642, 15.85268720179586], [80.68059160528152, 15.885782459768025], [80.7744155522433, 15.867685953961397], [80.80699850761032, 15.840830391858528], [80.81568795537108, 15.811261471358542], [80.80089133810071, 15.80617605116234], [80.77960863025578, 15.83568081663815], [80.81106477037146, 15.764760280230993], [80.82225272309319, 15.710805892244585], [80.81140858258016, 15.727447482351392], [80.81022206529502, 15.735649002793897], [80.79119684621695, 15.75402032383594], [80.79033580113563, 15.769054473395538], [80.79962800946889, 15.777159914561029], [80.79044068483495, 15.770243800868878], [80.788409190634, 15.757614826934018], [80.82149444348376, 15.709726636419933], [80.92800923362071, 15.721985158551899], [80.93933965106166, 15.716773395012973], [81.00851532681371, 15.754527186678457], [81.0008980839216, 15.832426031153222], [81.00288185512306, 15.822503080463486], [81.006882297425, 15.821005381396317], [81.01487362754754, 15.85095901654996], [81.14800588672688, 15.974086334832535], [81.14550232425083, 16.013329623021992], [81.1913211989479, 16.103204137318986], [81.21371834236128, 16.207592186625856], [81.26501165819761, 16.278503780322286], [81.30529853310193, 16.303904893360734], [81.39243637509955, 16.342678758277064], [81.48717976482261, 16.355438549614863], [81.69056929561059, 16.327848234263136], [81.7207766975313, 16.3069322297365], [81.84974668201194, 16.373229889898226], [81.95628552723555, 16.396051852339387], [82.23304005315426, 16.541740960680944], [82.31365478230947, 16.558804624327113], [82.32995248711455, 16.612804924470954], [82.31715960340794, 16.66198659258372], [82.36594347280315, 16.706840473687848], [82.34842573277302, 16.716228489858928], [82.34418885748157, 16.747778756402244], [82.36620429684923, 16.87850502307234], [82.36019740357985, 16.958949676793594], [82.32606597454684, 16.991232405094806], [82.3585581407814, 16.940680491246702], [82.35485034264957, 16.85131241770299], [82.33262175013296, 16.863837032790602], [82.31421192733018, 16.845950856484126], [82.30341221120288, 16.8738099803853], [82.26548362682013, 16.8704205408276], [82.2587359153938, 16.889000439747466], [82.24825987214484, 16.87606633159454], [82.24821237372419, 16.93045892907657], [82.27786615471507, 16.950771120778164], [82.28770468336982, 17.013003408186016], [82.31948871485241, 17.05738700359683], [82.4561526403841, 17.185446189975224], [82.59390682512503, 17.28144688145283], [82.99195669387879, 17.472533112585197], [83.02040187789318, 17.507028915849926], [83.21292661500142, 17.59100498987014], [83.29471664148392, 17.674855348540657], [83.29675341238887, 17.693654162162044], [83.34680636143035, 17.726274120991867], [83.35438307593013, 17.755658543409062], [83.41136976671349, 17.8098746530031], [83.417861036974, 17.85412757736219], [83.60554743358892, 18.037023471508153], [83.7497032385216, 18.128911165120506], [84.1284979428408, 18.313395944599954], [84.14840261437864, 18.37383391614223], [84.35468481200965, 18.55499387529996], [84.36834462745762, 18.593212089659257], [84.43980545379908, 18.659574858706588], [84.46961938823546, 18.714499702936358], [84.55145176848697, 18.790563144748063], [84.60357139334921, 18.889799620895126], [84.74394993881901, 19.044978198665195], [84.76474238480944, 19.07727724241187], [84.70069331982369, 19.11875010678612], [84.70787389704608, 19.160565862912293], [84.66879067748589, 19.166945533448175], [84.66520619019481, 19.13074747677233], [84.59339876417232, 19.133345877919794], [84.62338454542422, 19.08580720870935], [84.6568618095892, 19.09530797625995], [84.66874910974278, 19.077207862171615], [84.65903103887945, 19.063924075786897], [84.61620547647318, 19.06677340281496], [84.59918388046607, 19.02619833372912], [84.57957319518137, 19.031008912983925], [84.57075204092524, 19.074633038538536], [84.5142703425704, 19.0493576440467], [84.47395560102768, 18.99029928438464], [84.41904914074435, 19.022907913238306], [84.4499928952967, 18.978590426342784], [84.4222003526076, 18.948423481024], [84.43604308301376, 18.921814217413676], [84.4262699166774, 18.910242161022538], [84.41692386871595, 18.91901299247194], [84.41603662965927, 18.89847370252415], [84.37681653469758, 18.90544321091519], [84.39535283849573, 18.891936526750353], [84.39011526333397, 18.877531662506286], [84.35812168992989, 18.89555134147566], [84.38219184764354, 18.875429049186845], [84.37231564005253, 18.86272573313972], [84.33065589325571, 18.88304619065548], [84.33318278587795, 18.860344137351728], [84.36290633362708, 18.839975999038625], [84.32884188747325, 18.81892476843264], [84.34245589962153, 18.80304390126136], [84.31897995411211, 18.787960366782166], [84.28694744053708, 18.804938609166648], [84.25769377097038, 18.78402325289484], [84.22428743059369, 18.79971534502565], [84.18792609556462, 18.778648810454897], [84.1614839758691, 18.79024088147986], [84.1355760645101, 18.76245252305207], [84.08924055881165, 18.758482556064166], [84.03648167123366, 18.817339839618054], [83.94819015166273, 18.806125906061617], [83.91382998910055, 18.828903836087232], [83.89116658413862, 18.81541834118213], [83.84611459760636, 18.86892658642015], [83.84589757092189, 18.913413405016122], [83.82668669882072, 18.916114320668047], [83.7927209532621, 19.018880704893114], [83.7455828756208, 18.9966860257192], [83.7569831379734, 18.951553735920687], [83.7676805512612, 18.955698008847875], [83.78591294601556, 18.916808117214668], [83.75337432430442, 18.926302204660757], [83.73312009762826, 18.987544400929245], [83.70958377994184, 19.002469455392564], [83.73012450810818, 19.021789103675395], [83.70024572069822, 19.02528487851423], [83.66112407390514, 19.08097301709613], [83.65506937499124, 19.12945775115404], [83.6366542287721, 19.132731320224853], [83.62410001306341, 19.163592843438774], [83.59720277091233, 19.131084419628205], [83.60868549321813, 19.096988740170143], [83.58365902318894, 19.087478895587797], [83.5825269959123, 19.058880399463007], [83.56163911470271, 19.06088978172289], [83.5602772920882, 19.08690374449597], [83.54711698844721, 19.081436713945596], [83.55563546165656, 19.05712597400676], [83.53529086356451, 19.01165681208011], [83.50103719987248, 19.020494433612406], [83.49656783250066, 19.035302716336773], [83.51940364392851, 19.038898507143088], [83.51181680811045, 19.07014992940828], [83.49889665019604, 19.06274887006087], [83.48349733972684, 19.09209102653372], [83.46606179374861, 19.09403203523366], [83.47645426493003, 19.080187964448907], [83.46038182795381, 19.064686974991456], [83.48142738595364, 19.03446840462814], [83.47775605313412, 19.009394238763814], [83.44807517176775, 19.010831364041497], [83.46591085881455, 18.992009823837368], [83.4598989843869, 18.955696592565207], [83.39869707849019, 19.010284920123887], [83.37068181379776, 19.003196580020397], [83.34100597467508, 19.01897895861187], [83.33687994250654, 18.997860441822862], [83.30881325285733, 18.999777944784782], [83.33283179606974, 18.969353489237808], [83.33212637961985, 18.926474642491886], [83.34840533119505, 18.926319655110902], [83.35088528684369, 18.966826709314034], [83.36600185976376, 18.963013661969782], [83.36937472822845, 18.943596150950487], [83.35050260632931, 18.944460092807372], [83.35171615392134, 18.93092502402002], [83.36674762943454, 18.909327351240158], [83.39145998915158, 18.908548386755236], [83.37638954112809, 18.897911492089953], [83.41282106422526, 18.874488968695275], [83.40393298458218, 18.843273500597466], [83.37749443389326, 18.83178655548235], [83.3638708780434, 18.844083166277223], [83.32879342509986, 18.807150441274715], [83.28266012837526, 18.798766471891156], [83.2694531482721, 18.76534844930679], [83.22272297673673, 18.776025240536658], [83.21055831724765, 18.73152381196543], [83.2046555306348, 18.752379713087723], [83.13715228258316, 18.786304298858674], [83.07091621334267, 18.706521361075897], [83.05615005524864, 18.666285122878023], [83.01126875131528, 18.647001822368388], [82.99901562933026, 18.608616912811367], [83.02375936091197, 18.58968115744453], [83.05098697917003, 18.60021506323978], [83.02793979056254, 18.574538058898447], [83.04313656417284, 18.545431137449036], [83.0931547043954, 18.54761711508343], [83.01908458566558, 18.457197059706576], [83.04066097164153, 18.425181260947326], [83.06543546692843, 18.431049054777127], [83.05556146649806, 18.42032832925977], [83.07528774519692, 18.40408646574016], [83.05272953654804, 18.38071589462449], [83.02017247691569, 18.392431542626237], [82.96872618247804, 18.360748203750134], [82.9379780477569, 18.361563317200115], [82.89416304855737, 18.381603083078765], [82.89496930269456, 18.424137212550118], [82.8510944658156, 18.421016186607186], [82.80141166668864, 18.449984251567216], [82.78043674142296, 18.431519639272675], [82.79780635644926, 18.407484706200666], [82.77253979728734, 18.341164831838533], [82.66504511136374, 18.29876590762669], [82.64092846763074, 18.302768957062817], [82.65079129212066, 18.250750108123516], [82.63597050657587, 18.237452308413005], [82.58607040228674, 18.27680308089274], [82.59693345233646, 18.304919750818726], [82.5795822518752, 18.315898254937878], [82.60721485312122, 18.32785627509564], [82.60201734641439, 18.352309971506443], [82.62120006261964, 18.35974202224911], [82.59476853585794, 18.389262324421473], [82.53550225056516, 18.406203489916038], [82.5613695625649, 18.44852286590551], [82.54066556379904, 18.45835321669601], [82.53851472571765, 18.444469524378594], [82.51939428072791, 18.465629028468385], [82.53416429169619, 18.477766814691517], [82.53213553825515, 18.51102034903489], [82.50289489426005, 18.5143631839516], [82.48105439191252, 18.549439932056053], [82.36250511086604, 18.422271010876628], [82.38383817736748, 18.368237917298472], [82.3365136121682, 18.327441676227068], [82.35416843600895, 18.31665684219018], [82.38725789297425, 18.32924170580266], [82.39063778356947, 18.298686835370855], [82.3748008929456, 18.281417987857626], [82.34297139682813, 18.28128594218252], [82.3227344609246, 18.231950875086948], [82.33537770596615, 18.22504555579189], [82.3091767830261, 18.20483256154162], [82.31379284079223, 18.184767213878214], [82.37065397404838, 18.14890461313267], [82.36159015698621, 18.135550726147457], [82.33809893652372, 18.150574045859052], [82.33412410788546, 18.106597856072955], [82.35011153279477, 18.07732898646756], [82.33906238864907, 18.05553891647837], [82.3205806197752, 18.06064725087529], [82.3065047100775, 18.045647571824468], [82.30273010962789, 18.068852923060362], [82.28971206589024, 18.06964297427427], [82.25993648502491, 18.042587525275167], [82.2645422418097, 17.99562388457612], [82.18590387185654, 18.01585594529825], [82.16715808901894, 18.05268919860622], [82.13550068765207, 18.04467390087853], [82.13181168227598, 18.060624702986456], [82.07495141589412, 18.07594396290617], [82.05988541632792, 18.056178739292008], [82.03065173786955, 18.07004227499658], [82.00573318874369, 18.05704531000713], [82.00768806473572, 18.030799375802104], [81.96220349178341, 18.000978481455434], [81.80816898733315, 17.95644373876537], [81.72586691125721, 17.87907717666042], [81.71042139683969, 17.873910099396824], [81.70089081964751, 17.902841327230014], [81.67156063787313, 17.88806559646563], [81.6172208213963, 17.823140620344567], [81.57440410559896, 17.838759992608765], [81.49234777804205, 17.812725617756946], [81.47655948807166, 17.838476701827684], [81.43582191132131, 17.832653407052646], [81.41688954121271, 17.814034816357687], [81.39607140430347, 17.819951703982543], [81.3933495682814, 17.794674753414647], [81.35449085477875, 17.81331195318707], [81.26535370881005, 17.811131884767406], [81.16613095256773, 17.857650691707608], [81.09396249902244, 17.80932243060053], [81.08558432199924, 17.798071960732894], [81.10426012248291, 17.77205375684865], [81.05816345905558, 17.733132868904267], [80.9913170959706, 17.749963267092088], [80.97342106549287, 17.780167850525853], [80.92785024529016, 17.76182043316746], [80.8855466175387, 17.735722858532565], [80.88576513991809, 17.681264020733646], [80.90495432219676, 17.677366128017287], [80.91105521877074, 17.638063163805345], [80.86149566850074, 17.63425998526619], [80.8554022872324, 17.60191539242292], [80.96939492239069, 17.598102459228816], [81.01989515069695, 17.520082552115067], [81.09756173126061, 17.504305220028183], [81.12727783287434, 17.52647246080858], [81.14214347130122, 17.488637538212508], [81.15967867907203, 17.48442034676948], [81.14825175831507, 17.463703550716676], [81.17554504611533, 17.463686986655976], [81.17232492448662, 17.449093972168342], [81.19329480481365, 17.4356762081945], [81.20526110011835, 17.449639022329738], [81.3123786678958, 17.408776550923868], [81.32263379475512, 17.374597553268426], [81.27402587388303, 17.31724568432279], [81.19040843516076, 17.324865984265447], [81.17397560038079, 17.23038939985671], [81.07960565289773, 17.215328435846175], [81.05460902220734, 17.224925154611526], [81.0312711297908, 17.190380824562045], [80.91887846332382, 17.219786557153427], [80.92399588432478, 17.157896082612453], [80.87943982981308, 17.160879326866702], [80.86774261766521, 17.123179996262525], [80.87716294821584, 17.07048428111484], [80.8453119176844, 17.040016923406696], [80.73888487049281, 17.07963699263481], [80.65381527906263, 17.06865858184801], [80.67055901716923, 17.10123456642894], [80.58002435043493, 17.153117438131826], [80.56318931744433, 17.133149857938136], [80.51408582477609, 17.122097767223668], [80.50540331919588, 17.068508862538234], [80.47138251409686, 17.050414222949723], [80.46486602812632, 17.03006870804559], [80.43863546527348, 17.03762781791293], [80.40903758734103, 17.09154066365687], [80.38574071020372, 17.06797049857315], [80.40704226021172, 17.015840323226566], [80.36341256189576, 16.976109595257967], [80.44967480610448, 16.954809282342403], [80.49345280549409, 16.927474720976292], [80.49923557359169, 16.956380590287363], [80.52610975149784, 16.94792777025976], [80.53470228451414, 16.96146084722038], [80.60194711241137, 16.918637321008365], [80.58712571601218, 16.904225350902728], [80.59591808016177, 16.884669858994037], [80.56831215618476, 16.8694356659488], [80.56285387663577, 16.832888595626727], [80.6129722913019, 16.7935897904827], [80.5702470832893, 16.76805746919483], [80.4644623180511, 16.795495498552807], [80.46424754074815, 16.820024393803244], [80.38316233782747, 16.865359966225554], [80.37858234292838, 16.851890588924277], [80.40780373962022, 16.84827444900645], [80.3804396133716, 16.81749544794234], [80.37407384314618, 16.852439639097167], [80.32170760378901, 16.879674137135762], [80.3164830586904, 16.948479062076125], [80.29359949911024, 16.996375328464904], [80.21143918077945, 17.010315237787932], [80.19646240278558, 17.04407494944679], [80.18729689014509, 17.0199963851107], [80.14024726781322, 16.99063325428679], [80.09517149209556, 16.99069188483279], [80.09156715383331, 16.968356099056876], [80.05545623856274, 16.971461635521834], [80.04041648956579, 16.9181230986949], [80.01739568268155, 16.9150147510181], [79.99877384938692, 16.86525417250296], [80.04685568898081, 16.853383182341364], [80.07061371267598, 16.801733873062126], [80.05496740413122, 16.74468814794516], [79.99742412618095, 16.70213421864299], [79.9630835172475, 16.64357419213043], [79.91012022611146, 16.633958400388067], [79.87754293102901, 16.697338074625407], [79.85107724762528, 16.705878350050668], [79.81727714332021, 16.691906108020017], [79.77400614499214, 16.730813448913054], [79.72291011805682, 16.690314387595535], [79.68155817090721, 16.694409698332542], [79.63310767350049, 16.66046097404657], [79.59894088408296, 16.673261749075408], [79.54210914909282, 16.632282418833988], [79.44719275013426, 16.61974746408219], [79.41865977736043, 16.580279827467706], [79.25685957353585, 16.565851097165048], [79.2148523871332, 16.48794140358634], [79.23337918585734, 16.459234252933935], [79.2115870910255, 16.447420529308264], [79.2102244599272, 16.358263945224568], [79.23431861164214, 16.333873290537536], [79.21656932276271, 16.227439033494125], [79.1569714118064, 16.209321114836186], [79.11974909188312, 16.231971662625913], [79.10160231915174, 16.222856428431776], [79.00953436297475, 16.240246773700242], [78.9857429021881, 16.21074676401737], [78.90542854900258, 16.18362053815784], [78.922054240396, 16.104345200574553], [78.89562720071916, 16.08561125318983], [78.8721771680124, 16.143999518813377], [78.83387572978612, 16.144506282854316], [78.84031932196291, 16.078169072191294], [78.78551032888794, 16.02117637881067], [78.73552554041696, 16.008181935167837], [78.68122241293295, 16.03481876019009], [78.62726926998195, 16.087664695058436], [78.55179246587402, 16.04282894955822], [78.4079250506903, 16.074834056267036], [78.32659093268917, 16.03676158629247], [78.3122960352848, 16.011533656780447], [78.26089843582375, 16.0258401963458], [78.25165256259287, 15.93524855910911], [78.18446554757242, 15.909840317645983], [78.17538044582793, 15.858098701706663], [78.13557320391169, 15.854727309273736], [78.13403647122651, 15.83628294298982], [78.08359230318382, 15.840945063468748], [78.03192760224947, 15.907367034162018], [78.00890159501809, 15.861774776236759], [77.8880184791854, 15.906102823236845], [77.85855220354377, 15.88372663737338], [77.80355735352808, 15.874152750496034], [77.72413746814233, 15.89583076321888], [77.65924293935389, 15.885514533313527], [77.61143453076276, 15.917949499884404], [77.42962804875518, 15.94908139589652], [77.38013290319948, 15.93978413743575], [77.24890027002901, 15.964573791658447], [77.1056858249539, 15.930000460370177], [77.03372423365562, 15.858905856613578], [77.0252201793049, 15.837529638812036], [77.06550493688006, 15.827369383686785], [77.0491308438348, 15.730279549702312], [77.07972115713694, 15.727532122807553], [77.07872588488758, 15.6951656652756], [77.1289058584052, 15.665888390288872], [77.1214536980145, 15.631106996135646], [77.08322083088882, 15.659167328849806], [77.0304640507585, 15.634515061458835], [77.03006961039871, 15.50267159913053], [76.97456138038464, 15.510530322639397], [76.97404815669316, 15.498258062714543], [77.0320376610827, 15.435580720804651], [77.029256978223, 15.404384986960686], [77.0472763644572, 15.39004674026124], [77.04185653010744, 15.36194736415906], [77.06375418327337, 15.328043670705217], [77.11312731515562, 15.333703383711644], [77.11840090287883, 15.294876130797292], [77.15160282442608, 15.292460442130379], [77.14716056192134, 15.272947127972191], [77.16695576206372, 15.268609857119882], [77.12514504529852, 15.22696557206009], [77.14768085265916, 15.223935635451488], [77.1691569174791, 15.171375305638623], [77.1354285616158, 15.149774804185538], [77.15730194679435, 15.140496034486082], [77.15635039465154, 15.122958808138518], [77.13014262924396, 15.10079606581081], [77.11295122380037, 15.034084721656061], [77.08476993517208, 15.030737141207972], [77.08247333645268, 15.006109268727117], [77.04414001611863, 15.009871525318648], [77.04958534645283, 15.033104223281505], [77.00410157030615, 15.03386159359774], [76.98524555969165, 15.01521768836609], [76.91839038682872, 15.035551975339557], [76.87718764625455, 15.030236680813172], [76.86591055999543, 15.059713407567232], [76.8360420025999, 15.079263180808544], [76.80026181377927, 15.09586072373544], [76.77672063081727, 15.078429550809274], [76.79015610998934, 15.020744227249141], [76.76059489140535, 14.98988752547283], [76.76656426563859, 14.97564686173467], [76.82852801565978, 14.956487357282153], [76.86748299173001, 14.969852122631869], [76.86964518361827, 14.937740177534371], [76.86386687026615, 14.895612503617507], [76.84550278338943, 14.889324767602002], [76.853999412266, 14.809475799719946], [76.83739044660487, 14.81059570568022], [76.83677040783623, 14.790806597961407], [76.78270952095005, 14.785970067848332], [76.80296546879829, 14.74191666387698], [76.77529215680191, 14.680993241147936], [76.7650152484919, 14.602157763892087], [76.78186267194522, 14.596530144820402], [76.8063009646522, 14.531099652773156], [76.85562038536527, 14.509626296712378], [76.86797879079992, 14.4740735883859], [76.90070508135372, 14.489243075385888], [76.97483029465822, 14.485365120706206], [76.95992895718192, 14.450628551687469], [76.94480669972275, 14.450931527319321], [76.9428437011639, 14.399754052407108], [76.91584566803792, 14.420728211234525], [76.88483375291507, 14.39574476586198], [76.88477208087589, 14.347572231563136], [76.95673799846058, 14.294383426449603], [76.92491106703326, 14.273820940858334], [76.94006892832044, 14.244644952998348], [77.05247477397093, 14.245540217855696], [77.08118325958495, 14.214189599228327], [77.10081536340098, 14.217175200991216], [77.11667688762657, 14.226418093430398], [77.11019740326259, 14.268198660915015], [77.13922182815868, 14.340174491706998], [77.23821093529055, 14.31739582555881], [77.28657666946373, 14.340134386217954], [77.28354612739429, 14.282772595462196], [77.36382868291365, 14.275863106734917], [77.35949347264129, 14.23404287668137], [77.39199508106779, 14.198938614306625], [77.41939693206679, 14.211661241456016], [77.37904617167442, 14.322753600792119], [77.40776942649003, 14.337633057064433], [77.43153651508473, 14.312891475491417], [77.44622937424482, 14.317501661811933], [77.45028681644818, 14.280742300483626], [77.47893367583707, 14.292196821861024], [77.49828785617555, 14.278883664963605], [77.49279410485096, 14.231042315351466], [77.51707668717985, 14.184438734584955], [77.50351051481202, 14.157154636558023], [77.39372539979838, 14.174282095880384], [77.37894947881384, 14.135878913799132], [77.35172094696917, 14.131141956692357], [77.34747239088405, 14.103673476004849], [77.3906187255086, 14.126677555934931], [77.40092576510989, 14.11875012094729], [77.3605500207728, 14.06259819666719], [77.34051020398869, 14.060229652274062], [77.3323076278406, 14.030727018525221], [77.39016184055848, 14.016734981870377], [77.38164674950616, 13.976273005627258], [77.4258915368736, 13.986151862324878], [77.43788420042682, 13.975560740145298], [77.43536633946641, 13.947554264829401], [77.41208858207163, 13.945598336353628], [77.43504346069881, 13.915046397522355], [77.3987447714827, 13.888166176156766], [77.39797509404896, 13.90662412407271], [77.35763582310908, 13.903414621615406], [77.34784197755488, 13.91600377437425], [77.37128992796679, 13.95279099464073], [77.34949165901399, 13.958179765177512], [77.36109510141924, 13.990851254431565], [77.33622482236684, 13.995406902809895], [77.32223562614519, 14.030033425901864], [77.27500299453207, 14.011322973424223], [77.27036362189105, 14.034521613145468], [77.24535995110375, 14.011983676661899], [77.14922966229504, 14.001202687380577], [77.12740982030068, 14.047053627220642], [77.07893003062917, 14.042678520700306], [77.02780331993868, 14.06218091381123], [77.02981086146087, 14.088212124566532], [77.01468377915033, 14.100041130081529], [77.02334023807887, 14.176725765340127], [76.9606165815993, 14.18180949579378], [76.94757851531227, 14.19821349927798], [76.94238322744421, 14.173368862255847], [76.89454694592644, 14.16784994484616], [76.885926316303, 14.138277165000476], [76.92499286582644, 14.13714744163007], [76.97758030005095, 14.07132821940321], [76.97174957090036, 14.058055665122732], [76.93239522361775, 14.053964618748038], [76.93114482623443, 14.03024094369827], [76.9995014217037, 13.990379189185466], [76.99377430783122, 13.962604779017672], [77.04166447658793, 13.933474045173654], [77.0472997970114, 13.906640868790415], [77.0230365922415, 13.902636598790846], [77.01422999518456, 13.860350719594338], [76.9780280051172, 13.826908926052406], [76.99687362132555, 13.74779131468337], [77.01650701602064, 13.738552514742112], [77.0244779885222, 13.779266324834127], [77.0433759217144, 13.777836460398103], [77.06470490986446, 13.743875318085939], [77.08563854586471, 13.742478869937747], [77.09044745754929, 13.767182754030024], [77.1730554126744, 13.762052289942131], [77.1785110305152, 13.782726946019958], [77.15752189120681, 13.80607231405369], [77.1686892958647, 13.829661245041395], [77.12820421487947, 13.85649990607147], [77.1685846708802, 13.864531858145973], [77.16193965665377, 13.906665670642326], [77.18471507344677, 13.925226410980235], [77.18139384283957, 13.869884676219055], [77.20043513277804, 13.863078364703377], [77.21313141435398, 13.886230858737594], [77.2198546574686, 13.867758349212021], [77.23562634567422, 13.90417695378639], [77.24827302587343, 13.901251614377225], [77.25669795391896, 13.84656357561685], [77.31149798809564, 13.866623645027845], [77.3253837666685, 13.833278919843577], [77.36243252399403, 13.854286800919155], [77.3818996809542, 13.839403695680865], [77.43252100395742, 13.843257185007403], [77.422568302125, 13.799133150809729], [77.46459094494044, 13.806117842624742], [77.45533255278778, 13.682304121462154], [77.49211297615139, 13.689851631620245], [77.48503841899712, 13.71482457034979], [77.51416669902153, 13.71325283601668], [77.51236785500444, 13.697289641361428], [77.52833457374643, 13.693053018745399], [77.52726385558964, 13.75385184646231], [77.54744012466877, 13.752942083534764], [77.56056514068878, 13.722448274756717], [77.59996983854303, 13.750800792916205], [77.62771372039154, 13.734641554997241], [77.64223090591298, 13.74684308481269], [77.61750018103827, 13.761972069842495], [77.6512910434757, 13.784115305403597], [77.68007524359345, 13.786818219419796], [77.67171492777302, 13.760521657077161], [77.7032909893859, 13.769829257156402], [77.71735858966723, 13.741115207691573], [77.71930533231267, 13.800315120156196], [77.78153071755868, 13.818333011438742], [77.78226520349119, 13.84412004807057], [77.83706854346808, 13.869779997044969], [77.81348950011015, 13.914661761405117], [77.8265856209207, 13.94476277717894], [77.89569088492416, 13.941080004213147], [77.89581385171013, 13.920400126304957], [77.9267624248257, 13.90536506572061], [77.96742663616678, 13.96019406610718], [77.9875211486736, 13.955535634869172], [77.98438404305527, 13.89763255627713], [77.94907363180573, 13.886487394608611], [77.95297639040535, 13.827392839074239], [77.97609651862062, 13.829531357342233], [78.00047776201887, 13.872966750660165], [78.04617351541977, 13.862171838001236], [78.04885893014695, 13.896130252111975], [78.07899171440688, 13.881193098661123], [78.08189872644667, 13.861279206423543], [78.11476853903677, 13.862926418098818], [78.12639210370439, 13.786415754780387], [78.09151427438327, 13.742316517518606], [78.12078997603064, 13.715657850380033], [78.11321000513794, 13.692775442099512], [78.06906668966838, 13.697848753004159], [78.06570685755513, 13.676181114519283], [78.08973272113874, 13.659139764709256], [78.08709825256628, 13.643107123059998], [78.16756687972371, 13.655865469317408], [78.16821212521926, 13.632892405343135], [78.20418442235665, 13.628462172566532], [78.19295901887074, 13.564887992574484], [78.23603316128579, 13.599311414941605], [78.25947484954186, 13.582535980257175], [78.32615664935163, 13.59487814863075], [78.40224109637562, 13.587299309632698], [78.3744150626961, 13.50908220347691], [78.38165752485844, 13.39702606407954], [78.3650589023995, 13.361842316465713], [78.40838001144905, 13.345729272575015], [78.37712913008761, 13.33201465250378], [78.40108482087449, 13.315513307732639], [78.44036500863714, 13.32847294547256], [78.4441855902529, 13.308154754226091], [78.48338119893657, 13.321214481345008], [78.47928930005388, 13.301333997787067], [78.53215685413682, 13.266981779519154], [78.53930101006436, 13.287913948035623], [78.56161566837169, 13.288558032215544], [78.565527418209, 13.31204657781157], [78.58734178497168, 13.280686091190056], [78.5663785117536, 13.22089929253687], [78.57867890219053, 13.213036601090268], [78.5500372368606, 13.200226090161088], [78.57603597687795, 13.186736584244716], [78.57974123008262, 13.167406613708806], [78.55008991766212, 13.16423408158748], [78.54462153925273, 13.14204888382306], [78.51702142288401, 13.131636065946884], [78.53848169891451, 13.10577614602592], [78.5094463747591, 13.091541359525817], [78.5142270155634, 13.061902017722003], [78.46217176038118, 13.04326113308546], [78.46743610444008, 12.975070380748646], [78.4353055172939, 12.981087722574319], [78.43794778683633, 12.964033567354036], [78.41113825798622, 12.945316491987917], [78.41879227521116, 12.921773538571134], [78.4379906840861, 12.929062519770536], [78.46667056015497, 12.905458451653448], [78.46474446169302, 12.86681296669072], [78.44555396068752, 12.911844829241048], [78.38867069473942, 12.90690719850518], [78.35585090303931, 12.94078945888857], [78.33970675265564, 12.903233911692816], [78.3235086368796, 12.901832711640742], [78.32030563893683, 12.887308960123116], [78.33705522687252, 12.882414144404807], [78.31360241477829, 12.87650296757005], [78.31242174462734, 12.858568140977718], [78.25217415948113, 12.860601143331289], [78.23092787652435, 12.760710107975598], [78.24098415770226, 12.72999398548896], [78.20125866247686, 12.691646864374606], [78.23768219236464, 12.68580868386502], [78.24453675480075, 12.706374686239911], [78.2710614404507, 12.705106153129343], [78.30096853826684, 12.665917650762392], [78.37139757674097, 12.627154656097296], [78.4649401192535, 12.624076566412478], [78.46787173255565, 12.675938732313181], [78.49975627294212, 12.676186679425557], [78.50304169041387, 12.716815289367016], [78.51998560999671, 12.712059094498882], [78.48906110454426, 12.742025974709659], [78.51666561008142, 12.724418887482651], [78.52089639928685, 12.73617626295899], [78.52504365774723, 12.715464419286633], [78.54425194359874, 12.710983248717536], [78.52958032420521, 12.710264017696135], [78.53487677495072, 12.691170439618489], [78.55584692836557, 12.70020274935658], [78.55560062648436, 12.75582982295686], [78.59249357821035, 12.782719673383], [78.6334106814736, 12.931787739324925], [78.65698861451386, 12.932147878432806], [78.62087328132871, 12.991281446343239], [78.6554968811362, 13.015288488520323], [78.65619150253134, 13.031209601277451], [78.70524724345401, 13.015278565951776], [78.71449313195625, 13.068717472793415], [78.75175202588798, 13.054980790599013], [78.79427963058923, 13.066622341327298], [78.81311572465557, 13.089180237788842], [78.84201168058458, 13.078650880666146], [78.89155610412348, 13.097124395051406], [78.89161664877699, 13.033096243460347], [78.93707999813239, 13.030464174969495], [78.90364918046087, 13.047743190551314], [78.92391572753112, 13.080846017643694], [78.99497450747731, 13.086644830615988], [79.06336932087201, 13.053143262528772], [79.08087802924024, 13.025763390431655], [79.11445250189878, 13.039307728076864], [79.16309076696284, 13.020305715221395], [79.19296622431807, 13.046730200543564], [79.18040968197279, 13.048884348090391], [79.19206990958209, 13.056180829486307], [79.17826822320129, 13.059220920464913], [79.19209130206227, 13.06746603471403], [79.18062950151946, 13.084276703144955], [79.23439708846533, 13.105262416119377], [79.23284412951118, 13.139403340555987], [79.21000170738114, 13.148491322118382], [79.23490094452507, 13.170876212654887], [79.2452440236372, 13.138308825015642], [79.25742740850842, 13.16076886624977], [79.28031022248688, 13.15290119610606], [79.28398771146101, 13.122802703447155], [79.31243349016009, 13.12617409167437], [79.2942751085003, 13.109631860895343], [79.30715928349767, 13.105554691318089], [79.34113711948171, 13.136868491282971], [79.34521564514479, 13.12143488266001], [79.36047389046996, 13.123569580372251], [79.35608536159224, 13.164610841946784], [79.38000775991644, 13.16295765523576], [79.36949218540508, 13.172945632438793], [79.38769654912934, 13.177560047561686], [79.37400280880468, 13.189288193957173], [79.43839703347203, 13.188205542503466], [79.4531218825377, 13.238381398983437], [79.43097569877031, 13.229745714461421], [79.43764977080126, 13.242918515434217], [79.4184670015954, 13.242990034800364], [79.40838951838015, 13.265299362647507], [79.43370358135259, 13.275016402159563], [79.44539387647274, 13.301280652207364], [79.42000702031788, 13.289576162332041], [79.38186066544563, 13.307517289059486], [79.43540184370227, 13.351738084475187], [79.45622740428898, 13.338599076303687], [79.53727627394969, 13.338674575127765], [79.53457231260515, 13.275425221996828], [79.57923531244974, 13.25782123868358], [79.59602604681872, 13.284881397452445], [79.63160620687671, 13.269725464320649], [79.6424504282381, 13.290175239729976], [79.66535423494646, 13.2787434628696], [79.68237055155463, 13.295941123489138], [79.69571661152504, 13.267303241047443], [79.67826093430129, 13.261680638689645], [79.68424096704537, 13.244456009287081], [79.71251258756368, 13.244692348658301], [79.70267424216526, 13.222423434420469], [79.71835182286173, 13.216543049279043], [79.73728332160451, 13.236561520236451], [79.75980856567571, 13.20747006064772], [79.79445826603377, 13.226348025357522], [79.79469758081872, 13.24213003292321], [79.73367983943673, 13.288843220040192], [79.75671390545453, 13.295314175629423], [79.76079672955622, 13.318505805900259], [79.79169950386365, 13.293549606515672], [79.80886910539864, 13.31727855695282], [79.86275876081523, 13.316946289727014], [79.91593881453102, 13.359892510187702], [79.93797313558764, 13.35554602167392], [79.96272103355562, 13.391380128421364], [79.93453829684312, 13.416475641844901], [79.97330580708993, 13.429694336739564], [79.97238828223178, 13.46911303512534], [80.00780933268666, 13.478331657573374], [80.01587252264201, 13.497972065530885], [80.04658574883122, 13.493704095711086], [80.04839103915877, 13.512270795322843], [80.00048784932204, 13.525695786564695], [79.99969217105073, 13.542330973640036], [80.05690283608894, 13.536656164528038], [80.08122760869348, 13.549770453838173], [80.07816579537068, 13.488830870127746], [80.13917917004208, 13.504292982539063], [80.14517355876275, 13.49143049450523], [80.21456360667754, 13.49029039781686], [80.24177825326292, 13.470665481610363], [80.26826078906137, 13.564496252786313]], [[82.22814236456338, 16.760727574880665], [82.21747587308433, 16.732766348619148], [82.2698030635744, 16.721796588501753], [82.30549554358562, 16.748263350505297], [82.31007378587157, 16.718178888223466], [82.26673003029367, 16.69465599302771], [82.23904333609451, 16.716315927558647], [82.19341304203007, 16.721649708892418], [82.18632728108761, 16.737104755868476], [82.20558619239524, 16.734613069245217], [82.22814236456338, 16.760727574880665]]]]}}, {"type": "Feature", "properties": {"state_code": "KA", "name": "Karnataka"}, "geometry": {"type": "MultiPolygon", "coordinates": [[[[74.1183538327733, 15.652040596990107], [74.1644844659931, 15.6535317440627], [74.18199630948168, 15.682241217911757], [74.20519544362787, 15.651065325279353], [74.22384481387927, 15.669011874101614], [74.25050758675803, 15.657287208118492], [74.24422435913081, 15.626137988878876], [74.26436482765097, 15.615542445816493], [74.24525934320394, 15.566636503647416], [74.2632170996198, 15.563966939082478], [74.28271563024124, 15.531448161534241], [74.25097302007642, 15.491624031724239], [74.27551326258502, 15.449219261167961], [74.27593541776793, 15.391622487568421], [74.32326258448832, 15.367711693663626], [74.31708562396594, 15.329153085759316], [74.33649918743629, 15.294979120108835], [74.27616992926106, 15.283210949481179], [74.25139839751627, 15.25859097983875], [74.30167386194859, 15.224378061376528], [74.31743859449894, 15.18378771184069], [74.28514557398312, 15.14872976373377], [74.27270271703031, 15.097532494235045], [74.29655158824848, 15.041243196535694], [74.25353406484915, 14.997850770040804], [74.26437669619247, 14.97856087881805], [74.25243483596184, 14.958763082619964], [74.23653845800153, 14.966514505075828], [74.20138210153499, 14.925391948295095], [74.16344500202165, 14.95815010040927], [74.16195468528721, 14.911807932599327], [74.12406074712831, 14.92499220856217], [74.08568785959928, 14.900641739228085], [74.12508831560876, 14.840650547645785], [74.12461112154669, 14.80552555803222], [74.09300140724666, 14.80419293318401], [74.20450217509556, 14.718587358425344], [74.20485687308886, 14.736935429772558], [74.23433707800727, 14.748231094882689], [74.26310601574838, 14.719243771051168], [74.28569242610727, 14.645688963399582], [74.27000597095413, 14.627181767268377], [74.31469361338358, 14.545994019927509], [74.30993268970144, 14.521310849729993], [74.35539062760557, 14.508923293987936], [74.38236881515026, 14.421139162848503], [74.39451496664957, 14.418530854139698], [74.44154748236349, 14.22424644862963], [74.46950170024417, 14.188249643926124], [74.51505215833436, 13.98687310733901], [74.54920169740346, 13.948266270761039], [74.55736838405933, 13.951876765524524], [74.56944275657419, 13.9492410379389], [74.61006424404037, 13.866907052976703], [74.64559988179624, 13.683082321388893], [74.66969696651057, 13.63482999321461], [74.69775292129209, 13.347286355915788], [74.84682496861953, 12.79533369202314], [74.88233751697767, 12.754125232948109], [74.93295086563612, 12.780618371764968], [75.00318767631755, 12.791739318042643], [75.00947547816618, 12.76758454726832], [74.98248703365756, 12.738453936151398], [75.01124135491067, 12.727968955745501], [75.0010462211393, 12.715473472179102], [75.05029927252255, 12.719452718635994], [75.04662690304718, 12.666750663703596], [75.0852622980652, 12.673885064962747], [75.08521607255729, 12.705296719354994], [75.11172880791898, 12.680842061214745], [75.15247030940881, 12.6822604542289], [75.160465422337, 12.671618003330332], [75.13770764126966, 12.644704309987917], [75.16110704133374, 12.620990286350057], [75.20174170528851, 12.628988241894003], [75.20033539271122, 12.58900660472276], [75.22033850702778, 12.5682010521295], [75.23752371858745, 12.568403723711379], [75.27553271925619, 12.619779893208296], [75.32619029556932, 12.593669274980297], [75.31457185938365, 12.573813935468262], [75.28971861508398, 12.583884593009861], [75.2720706669484, 12.570245133326317], [75.27314218011426, 12.536877091447144], [75.30304949352607, 12.522664028339973], [75.30421340111384, 12.50334649054211], [75.33217424496804, 12.499614234138427], [75.33633549289236, 12.464166704620604], [75.3601070811483, 12.465040665678943], [75.38193968011801, 12.502070385708311], [75.41737282548988, 12.498515068605155], [75.4249611408332, 12.469585877201919], [75.4133247742745, 12.458641716387293], [75.36564208311076, 12.456821813409992], [75.37248555404808, 12.400253002762692], [75.42193761460612, 12.372746205162798], [75.41041427856804, 12.347276621105015], [75.43219408714172, 12.30947844240781], [75.41542060222285, 12.28818390198311], [75.48494460781114, 12.289988164913174], [75.53978247273939, 12.215668638212136], [75.53261177698509, 12.200496696685178], [75.59246747029198, 12.14701333584719], [75.63593251370459, 12.14845474818857], [75.66164594968605, 12.098500870704854], [75.70325813338353, 12.108253216288364], [75.71472284446786, 12.07052089872849], [75.75356265651864, 12.08541465423606], [75.80272633810753, 12.07950439282958], [75.80107932644147, 12.03703515399641], [75.85852052702936, 11.958930661902944], [76.00319106302659, 11.931470339847428], [76.11248340000462, 11.978798815299925], [76.11999716056927, 11.850388543581065], [76.19037489086763, 11.87129129272529], [76.20746179439588, 11.861614459776476], [76.22370610603542, 11.808283397996988], [76.28019269122541, 11.812430347351105], [76.3397217759596, 11.739082952551996], [76.4142155752117, 11.758925686859083], [76.42742528170176, 11.726055115521799], [76.40364192910883, 11.711698197803917], [76.41591436038085, 11.67289289362799], [76.45816085348362, 11.66445016849655], [76.51162569470402, 11.705098568139624], [76.55050785423563, 11.674312797671627], [76.55990628026636, 11.622589703974073], [76.61393507573732, 11.607673260655947], [76.7568670850972, 11.618552579277772], [76.8564189607034, 11.599394921530719], [76.83495472400082, 11.655530754088979], [76.88830135770964, 11.733756756905947], [76.89656386855516, 11.776581136006724], [76.90795728754192, 11.795358759405845], [76.95388499313566, 11.792168475586104], [76.96987598345834, 11.776971997642793], [76.98210288092527, 11.81161574660393], [77.02983411614863, 11.804786254084485], [77.03505482633926, 11.769890133816002], [77.06687369179363, 11.788090644329957], [77.05638000293757, 11.769886522884818], [77.0801703273554, 11.736092274084529], [77.11765843361839, 11.721181703494356], [77.11070002054556, 11.773582283515912], [77.23855598807265, 11.794760407485793], [77.24983086627284, 11.81312017365265], [77.29380917829273, 11.809105005259582], [77.33510264421898, 11.771336725675313], [77.36480082084952, 11.790508841440106], [77.39440991334996, 11.787738136447707], [77.42723914993698, 11.7609537333848], [77.46657085338619, 11.847184835893952], [77.46158563834392, 11.900087487189793], [77.48615772073944, 11.88751382212378], [77.4941398071977, 11.943399323708942], [77.53794264500492, 11.932488103387339], [77.67564961788776, 11.95207918942064], [77.70887779269921, 12.036081034400791], [77.77667625589928, 12.113712334073295], [77.72767209624021, 12.1815912450574], [77.61073070073765, 12.206205165071065], [77.518660736826, 12.194540655473178], [77.47201668228533, 12.207954992265371], [77.4790381490063, 12.271333985558126], [77.55131467527016, 12.291266724187727], [77.61678543648249, 12.368258272627251], [77.63460487659904, 12.487656429595134], [77.62606789270495, 12.496366007567193], [77.60740325199207, 12.475181197919726], [77.5836601681784, 12.4788528392406], [77.61630650597695, 12.509237248722883], [77.58718265824018, 12.514811636866535], [77.58033110516024, 12.551646082461735], [77.5910009347789, 12.615298576410309], [77.60621392387841, 12.62896780088484], [77.59885555389157, 12.667212498298946], [77.65989193711238, 12.683894433004356], [77.67636586083347, 12.67952601076466], [77.67863588828509, 12.660443597308726], [77.70420912420012, 12.66145902778967], [77.71157159948778, 12.683191861013476], [77.73990879612354, 12.673043956964857], [77.7374431443491, 12.697799081731741], [77.76468188015714, 12.70113240964885], [77.77443207567335, 12.72426793877944], [77.76331264194992, 12.73694541533832], [77.79160180566743, 12.746741244866335], [77.7787661387971, 12.767815722103714], [77.80851856738256, 12.796777995195747], [77.80986340824498, 12.831583859961038], [77.79244518897194, 12.842177180211218], [77.83599545286062, 12.870381119338248], [77.89032514442587, 12.869706406595466], [77.92930560390406, 12.890966442741178], [77.92770372359786, 12.87496741226749], [77.94175772967397, 12.871687707721982], [77.9205367810048, 12.82820889773221], [77.94065824207186, 12.82339607018204], [77.93997490980492, 12.85319395778685], [77.95231623557105, 12.857168031086449], [77.98850015063654, 12.808244311915809], [78.0097314919152, 12.805790807538862], [78.00389610320325, 12.82564721421979], [78.02896689431189, 12.845236816884155], [78.02384494041199, 12.85655189975727], [78.05331224462464, 12.853904538816527], [78.13421424422798, 12.782017298073104], [78.23092787652435, 12.760710107975598], [78.25217415948113, 12.860601143331289], [78.31242174462734, 12.858568140977718], [78.31360241477829, 12.87650296757005], [78.33705522687252, 12.882414144404807], [78.32030563893683, 12.887308960123116], [78.3235086368796, 12.901832711640742], [78.33970675265564, 12.903233911692816], [78.35585090303931, 12.94078945888857], [78.38867069473942, 12.90690719850518], [78.44555396068752, 12.911844829241048], [78.46474446169302, 12.86681296669072], [78.46667056015497, 12.905458451653448], [78.4379906840861, 12.929062519770536], [78.41879227521116, 12.921773538571134], [78.41113825798622, 12.945316491987917], [78.43794778683633, 12.964033567354036], [78.4353055172939, 12.981087722574319], [78.46743610444008, 12.975070380748646], [78.46217176038118, 13.04326113308546], [78.5142270155634, 13.061902017722003], [78.5094463747591, 13.091541359525817], [78.53848169891451, 13.10577614602592], [78.51702142288401, 13.131636065946884], [78.54462153925273, 13.14204888382306], [78.55008991766212, 13.16423408158748], [78.57974123008262, 13.167406613708806], [78.57603597687795, 13.186736584244716], [78.5500372368606, 13.200226090161088], [78.57867890219053, 13.213036601090268], [78.5663785117536, 13.22089929253687], [78.58734178497168, 13.280686091190056], [78.565527418209, 13.31204657781157], [78.56161566837169, 13.288558032215544], [78.53930101006436, 13.287913948035623], [78.53215685413682, 13.266981779519154], [78.47928930005388, 13.301333997787067], [78.48338119893657, 13.321214481345008], [78.4441855902529, 13.308154754226091], [78.44036500863714, 13.32847294547256], [78.40108482087449, 13.315513307732639], [78.37712913008761, 13.33201465250378], [78.40838001144905, 13.345729272575015], [78.3650589023995, 13.361842316465713], [78.38165752485844, 13.39702606407954], [78.3744150626961, 13.50908220347691], [78.40224109637562, 13.587299309632698], [78.32615664935163, 13.59487814863075], [78.25947484954186, 13.582535980257175], [78.23603316128579, 13.599311414941605], [78.19295901887074, 13.564887992574484], [78.20418442235665, 13.628462172566532], [78.16821212521926, 13.632892405343135], [78.16756687972371, 13.655865469317408], [78.08709825256628, 13.643107123059998], [78.06906668966838, 13.697848753004159], [78.11321000513794, 13.692775442099512], [78.12078997603064, 13.715657850380033], [78.09151427438327, 13.742316517518606], [78.12639210370439, 13.786415754780387], [78.11374456381746, 13.807506750265807], [78.12362642540488, 13.845392071200344], [78.11476853903677, 13.862926418098818], [78.08189872644667, 13.861279206423543], [78.07899171440688, 13.881193098661123], [78.04885893014695, 13.896130252111975], [78.04617351541977, 13.862171838001236], [78.00047776201887, 13.872966750660165], [77.97609651862062, 13.829531357342233], [77.95297639040535, 13.827392839074239], [77.94907363180573, 13.886487394608611], [77.98661184429861, 13.903041069311005], [77.9875211486736, 13.955535634869172], [77.97203088288357, 13.960156182806225], [77.9267624248257, 13.90536506572061], [77.89581385171013, 13.920400126304957], [77.89569088492416, 13.941080004213147], [77.8265856209207, 13.94476277717894], [77.81348950011015, 13.914661761405117], [77.83706854346808, 13.869779997044969], [77.78226520349119, 13.84412004807057], [77.78153071755868, 13.818333011438742], [77.71930533231267, 13.800315120156196], [77.71735858966723, 13.741115207691573], [77.7032909893859, 13.769829257156402], [77.67171492777302, 13.760521657077161], [77.68007524359345, 13.786818219419796], [77.62106976887206, 13.768479486571254], [77.6188412507731, 13.755003243765008], [77.64223090591298, 13.74684308481269], [77.62771372039154, 13.734641554997241], [77.59996983854303, 13.750800792916205], [77.56056514068878, 13.722448274756717], [77.54744012466877, 13.752942083534764], [77.52726385558964, 13.75385184646231], [77.53663513093923, 13.730643002129428], [77.52523108308603, 13.691045256179557], [77.51416669902153, 13.71325283601668], [77.48503841899712, 13.71482457034979], [77.49211297615139, 13.689851631620245], [77.45533255278778, 13.682304121462154], [77.46459094494044, 13.806117842624742], [77.422568302125, 13.799133150809729], [77.43252100395742, 13.843257185007403], [77.3818996809542, 13.839403695680865], [77.36243252399403, 13.854286800919155], [77.3253837666685, 13.833278919843577], [77.31149798809564, 13.866623645027845], [77.25669795391896, 13.84656357561685], [77.24827302587343, 13.901251614377225], [77.23562634567422, 13.90417695378639], [77.2198546574686, 13.867758349212021], [77.21313141435398, 13.886230858737594], [77.20043513277804, 13.863078364703377], [77.18139384283957, 13.869884676219055], [77.18471507344677, 13.925226410980235], [77.16193965665377, 13.906665670642326], [77.1685846708802, 13.864531858145973], [77.12820421487947, 13.85649990607147], [77.1686892958647, 13.829661245041395], [77.15752189120681, 13.80607231405369], [77.1785110305152, 13.782726946019958], [77.1730554126744, 13.762052289942131], [77.09044745754929, 13.767182754030024], [77.08563854586471, 13.742478869937747], [77.06470490986446, 13.743875318085939], [77.0433759217144, 13.777836460398103], [77.0244779885222, 13.779266324834127], [77.01650701602064, 13.738552514742112], [76.99850866833039, 13.745616785471887], [76.9780280051172, 13.826908926052406], [77.01422999518456, 13.860350719594338], [77.0230365922415, 13.902636598790846], [77.0472997970114, 13.906640868790415], [77.04166447658793, 13.933474045173654], [76.99377430783122, 13.962604779017672], [76.9995014217037, 13.990379189185466], [76.93114482623443, 14.03024094369827], [76.93239522361775, 14.053964618748038], [76.97174957090036, 14.058055665122732], [76.97758030005095, 14.07132821940321], [76.92499286582644, 14.13714744163007], [76.885926316303, 14.138277165000476], [76.89454694592644, 14.16784994484616], [76.94238322744421, 14.173368862255847], [76.94757851531227, 14.19821349927798], [76.9606165815993, 14.18180949579378], [77.02334023807887, 14.176725765340127], [77.01468377915033, 14.100041130081529], [77.02981086146087, 14.088212124566532], [77.02780331993868, 14.06218091381123], [77.07893003062917, 14.042678520700306], [77.12740982030068, 14.047053627220642], [77.14922966229504, 14.001202687380577], [77.24535995110375, 14.011983676661899], [77.27036362189105, 14.034521613145468], [77.27500299453207, 14.011322973424223], [77.32223562614519, 14.030033425901864], [77.33622482236684, 13.995406902809895], [77.36109510141924, 13.990851254431565], [77.34949165901399, 13.958179765177512], [77.37128992796679, 13.95279099464073], [77.34784197755488, 13.91600377437425], [77.35763582310908, 13.903414621615406], [77.39797509404896, 13.90662412407271], [77.40002151196171, 13.888328792370194], [77.43504346069881, 13.915046397522355], [77.41208858207163, 13.945598336353628], [77.43536633946641, 13.947554264829401], [77.43788420042682, 13.975560740145298], [77.4258915368736, 13.986151862324878], [77.38164674950616, 13.976273005627258], [77.39016184055848, 14.016734981870377], [77.3323076278406, 14.030727018525221], [77.34051020398869, 14.060229652274062], [77.3605500207728, 14.06259819666719], [77.40092576510989, 14.11875012094729], [77.3906187255086, 14.126677555934931], [77.34747239088405, 14.103673476004849], [77.35137527345121, 14.130017076256001], [77.37894947881384, 14.135878913799132], [77.39372539979838, 14.174282095880384], [77.50351051481202, 14.157154636558023], [77.51707668717985, 14.184438734584955], [77.49279410485096, 14.231042315351466], [77.50386878091363, 14.263783632549707], [77.48182052608864, 14.291644192401765], [77.45028681644818, 14.280742300483626], [77.44622937424482, 14.317501661811933], [77.39281209163218, 14.335867459225346], [77.37708113304153, 14.304830967969645], [77.3873725778895, 14.270901391603076], [77.40883876303792, 14.25988660724203], [77.41939693206679, 14.211661241456016], [77.39199508106779, 14.198938614306625], [77.35949347264129, 14.23404287668137], [77.36382868291365, 14.275863106734917], [77.28354612739429, 14.282772595462196], [77.28657666946373, 14.340134386217954], [77.23821093529055, 14.31739582555881], [77.15735449105193, 14.342134242849854], [77.13571293948867, 14.336907342118177], [77.11565467220692, 14.292516231584164], [77.1077686210424, 14.219946170107422], [77.08118325958495, 14.214189599228327], [77.05247477397093, 14.245540217855696], [76.94006892832044, 14.244644952998348], [76.92491106703326, 14.273820940858334], [76.95673799846058, 14.294383426449603], [76.88477208087589, 14.347572231563136], [76.88483375291507, 14.39574476586198], [76.91584566803792, 14.420728211234525], [76.9428437011639, 14.399754052407108], [76.94480669972275, 14.450931527319321], [76.95992895718192, 14.450628551687469], [76.97483029465822, 14.485365120706206], [76.90070508135372, 14.489243075385888], [76.86797879079992, 14.4740735883859], [76.85562038536527, 14.509626296712378], [76.8063009646522, 14.531099652773156], [76.78186267194522, 14.596530144820402], [76.7650152484919, 14.602157763892087], [76.77529215680191, 14.680993241147936], [76.80296546879829, 14.74191666387698], [76.78270952095005, 14.785970067848332], [76.83677040783623, 14.790806597961407], [76.83739044660487, 14.81059570568022], [76.853999412266, 14.809475799719946], [76.84550278338943, 14.889324767602002], [76.86386687026615, 14.895612503617507], [76.86964518361827, 14.937740177534371], [76.86748299173001, 14.969852122631869], [76.82852801565978, 14.956487357282153], [76.76656426563859, 14.97564686173467], [76.76059489140535, 14.98988752547283], [76.79015610998934, 15.020744227249141], [76.77672063081727, 15.078429550809274], [76.80026181377927, 15.09586072373544], [76.8360420025999, 15.079263180808544], [76.86591055999543, 15.059713407567232], [76.87718764625455, 15.030236680813172], [76.91839038682872, 15.035551975339557], [76.98524555969165, 15.01521768836609], [77.00410157030615, 15.03386159359774], [77.04958534645283, 15.033104223281505], [77.04414001611863, 15.009871525318648], [77.08247333645268, 15.006109268727117], [77.08476993517208, 15.030737141207972], [77.11295122380037, 15.034084721656061], [77.13014262924396, 15.10079606581081], [77.15635039465154, 15.122958808138518], [77.15730194679435, 15.140496034486082], [77.1354285616158, 15.149774804185538], [77.1691569174791, 15.171375305638623], [77.14768085265916, 15.223935635451488], [77.12514504529852, 15.22696557206009], [77.16695576206372, 15.268609857119882], [77.14716056192134, 15.272947127972191], [77.15160282442608, 15.292460442130379], [77.11840090287883, 15.294876130797292], [77.11312731515562, 15.333703383711644], [77.06375418327337, 15.328043670705217], [77.04185653010744, 15.36194736415906], [77.0472763644572, 15.39004674026124], [77.029256978223, 15.404384986960686], [77.0320376610827, 15.435580720804651], [76.97404815669316, 15.498258062714543], [76.97456138038464, 15.510530322639397], [77.03006961039871, 15.50267159913053], [77.0304640507585, 15.634515061458835], [77.08322083088882, 15.659167328849806], [77.1214536980145, 15.631106996135646], [77.1289058584052, 15.665888390288872], [77.07872588488758, 15.6951656652756], [77.07972115713694, 15.727532122807553], [77.0491308438348, 15.730279549702312], [77.06550493688006, 15.827369383686785], [77.0252201793049, 15.837529638812036], [77.03372423365562, 15.858905856613578], [77.08460883759723, 15.918660510101732], [77.18532270558305, 15.956761165852102], [77.24890027002901, 15.964573791658447], [77.38013290319948, 15.93978413743575], [77.42962804875518, 15.94908139589652], [77.51346826787129, 15.926810324278092], [77.51407893361826, 16.008099248238334], [77.49402889041295, 16.037010377141602], [77.5069030482966, 16.07965748062088], [77.49368598101111, 16.086365400649964], [77.51330345666105, 16.10804531177579], [77.48982141608242, 16.11964067253974], [77.4861808568496, 16.163004998641725], [77.50117833741749, 16.2217377456381], [77.5156864571411, 16.22780942094581], [77.49237244374143, 16.229317138623387], [77.49009577234997, 16.255199968496616], [77.50484452109379, 16.275820141844523], [77.53692700345648, 16.26682339121203], [77.56323484567831, 16.301654448353663], [77.59774739036045, 16.292824240428025], [77.59344147953944, 16.343939002904957], [77.5727496439625, 16.340952539787303], [77.48972198605519, 16.38503250477535], [77.42098032684108, 16.36624842296343], [77.34913035301348, 16.38386301161978], [77.2882455613952, 16.408718778218542], [77.23591259653445, 16.472661392766984], [77.29403171075154, 16.476686583581014], [77.29874813009785, 16.49617753950066], [77.36904680326133, 16.488687557996847], [77.37782293036214, 16.513720677844322], [77.41915033553813, 16.52239411653881], [77.41905095581657, 16.54893985022237], [77.39290897763053, 16.56998952650212], [77.4237916144042, 16.56889611373129], [77.46743014046449, 16.59885169571969], [77.45368173226487, 16.61676171743506], [77.47614459193285, 16.650121234707292], [77.4343780641948, 16.64139625212857], [77.41889546462741, 16.668586128617854], [77.46983607493372, 16.687043677052873], [77.47408425192981, 16.71657207169433], [77.42610333715972, 16.722886863121488], [77.43953473528548, 16.789143870631662], [77.47653666253693, 16.788380359644176], [77.45711901083372, 16.830191558160045], [77.45405283349524, 16.913908292955803], [77.4694720596143, 16.919207960243718], [77.47955361040117, 16.996027126779214], [77.5025688180862, 17.014113904065457], [77.46366159016831, 17.110004883839906], [77.40669820707328, 17.124519098383267], [77.36376517561632, 17.158789113111894], [77.3723128153263, 17.19556975819883], [77.39393437039136, 17.194403552264014], [77.40378862225852, 17.20989887839571], [77.38022890884885, 17.22253708343567], [77.4204593929095, 17.237631288720237], [77.45857583747606, 17.279003245197124], [77.437966976587, 17.291924615035885], [77.45605226502707, 17.331241623600338], [77.45364791338935, 17.37399468287535], [77.47913718557145, 17.370726015120557], [77.48385952301886, 17.355002449885486], [77.52984235373, 17.370716213085657], [77.53788482943325, 17.406097197070704], [77.51421489992471, 17.4141855527317], [77.51303975890434, 17.43087443006733], [77.5373421212375, 17.44375081488876], [77.57590217006104, 17.43071858237793], [77.57622668645742, 17.456171478695154], [77.61431127676401, 17.44595041541628], [77.615271280257, 17.472894348887117], [77.64482499790836, 17.477569867568082], [77.65717147461436, 17.506586797942536], [77.65235518596464, 17.48273789022227], [77.67056679460167, 17.47789265334376], [77.68779155089848, 17.475208956018125], [77.69255794352405, 17.498938028176998], [77.66204955298257, 17.5228258354269], [77.5969403960115, 17.534306067705888], [77.593841338537, 17.564515658076807], [77.55060130603508, 17.551736474801444], [77.52842600247942, 17.575367868275883], [77.50694134707042, 17.542281685337247], [77.49410877938779, 17.568360270197996], [77.44316300376857, 17.583965336844308], [77.4524751717691, 17.694704189365932], [77.54600779328761, 17.726841229210482], [77.56857803756463, 17.74890660350295], [77.56919350480683, 17.76649200722338], [77.5066025241048, 17.78595242452395], [77.52826667189076, 17.82789708702555], [77.55407087544513, 17.820067271089307], [77.57644379309194, 17.87541813787924], [77.59912114709354, 17.873086073267306], [77.58610837736491, 17.90783405545211], [77.61908327397863, 17.904057059048046], [77.62458970412517, 17.95960063069604], [77.63305797139158, 17.9673797856942], [77.64952962956156, 17.95001315474993], [77.65582436191261, 17.968276783680537], [77.64895083693918, 17.99887494360134], [77.62783294838928, 17.996784519068452], [77.60597993340812, 18.020230025472227], [77.58962822907469, 18.011688318456503], [77.54768303181655, 18.056127693723656], [77.5970010870904, 18.08676320646168], [77.5968905565812, 18.155943056913955], [77.56350915253849, 18.196123948205944], [77.58536318980245, 18.219815010231034], [77.5718286291495, 18.243996312484786], [77.60547049431892, 18.281275169101644], [77.51268195992667, 18.30959209650403], [77.51160783086672, 18.282043256533203], [77.4650882810278, 18.262530130476797], [77.44762917852789, 18.2699892231803], [77.43771647867509, 18.31030735338345], [77.36584244347259, 18.307118267146933], [77.35677739302356, 18.320195420916807], [77.40020123161243, 18.347439518163796], [77.39492280466479, 18.368447489392985], [77.41414725839478, 18.393100107710712], [77.37288648395833, 18.401095150939334], [77.36569022304937, 18.45155595492161], [77.34527272397708, 18.433603125002094], [77.31994013594687, 18.45801896627803], [77.31690652613071, 18.44224495390209], [77.24182368268221, 18.412599321358357], [77.23374073518045, 18.388193055029326], [77.246446244251, 18.370758281530737], [77.22588637298595, 18.365212677621336], [77.21912234006922, 18.325723652899445], [77.19876781469495, 18.315445435294922], [77.2130680930079, 18.280313971317227], [77.17486727777155, 18.284855365674105], [77.1515769754038, 18.21703921465899], [77.09765435540956, 18.19671808052649], [77.11159808699632, 18.1558284777961], [77.06401365625331, 18.150647089776275], [77.03323418380349, 18.181987394899473], [77.02336030823896, 18.15850439342], [77.00117076009786, 18.160894272561208], [76.99066627618704, 18.189982263902003], [76.95199218893312, 18.188093787156273], [76.92055703795405, 18.11817804525277], [76.9664063089454, 18.098196682449682], [76.9452705744641, 18.083196433872235], [76.95236137495533, 18.04021542787541], [76.91437200247559, 18.03535733684645], [76.90570041501933, 18.009706069758323], [76.9190366114879, 17.91595136819251], [76.90132043630648, 17.917239844971835], [76.88432369847992, 17.894290703908947], [76.83978138010724, 17.899371922558444], [76.81027250545651, 17.887039153574843], [76.80672608607222, 17.870573232467258], [76.77510685502007, 17.8777108002251], [76.76821839824993, 17.901149714488092], [76.74002992579433, 17.89969872048157], [76.73853967373859, 17.85667967296103], [76.76755662195656, 17.852125523757678], [76.79045015732795, 17.826332607914768], [76.76209500067472, 17.787015961114392], [76.71414854707557, 17.780938966971505], [76.72832736238232, 17.7375602252923], [76.69970280546698, 17.727248666911365], [76.69089645095517, 17.68100491411407], [76.66424582150239, 17.687560216355237], [76.61538970330383, 17.77039541446388], [76.58208139876906, 17.705681686448163], [76.5703540634148, 17.705405332031578], [76.5727922500977, 17.760525752866126], [76.52333558208055, 17.75979622685629], [76.52396159015429, 17.715151537238143], [76.48728762613499, 17.71476304336041], [76.48980813353221, 17.66049929057734], [76.42925153062322, 17.644953575490902], [76.41974485310915, 17.603710737091728], [76.33134774466141, 17.5974191763816], [76.34075304819396, 17.542475862610416], [76.36280052777289, 17.537373984839938], [76.36727903101115, 17.519454525771295], [76.34663200429893, 17.512581087073873], [76.34582454911423, 17.492531750970485], [76.37557562034533, 17.490221865790037], [76.33074728647098, 17.470195741001763], [76.33332206828108, 17.433903631758852], [76.37156943511377, 17.436426266859886], [76.36348513564754, 17.377671421879462], [76.40917836837573, 17.371391261964355], [76.41224623993682, 17.351071506866273], [76.38321760014541, 17.314529891706837], [76.35406980242486, 17.31432058967336], [76.34535788779885, 17.354451739737204], [76.31440319715621, 17.348393491393455], [76.31772228528148, 17.332379512360674], [76.27641995208504, 17.334577932048074], [76.27206896919293, 17.360595293175454], [76.25078768427942, 17.360436172928395], [76.24285337471957, 17.378827670667885], [76.17037609834587, 17.352618526420436], [76.17637572604127, 17.30079147303118], [76.16267921531224, 17.345223538045], [76.11901562625553, 17.37050734122461], [76.07919254973577, 17.331605893590375], [76.0605982507029, 17.355310881382724], [76.01439609092522, 17.35353636491916], [75.93088413687519, 17.32257606986049], [75.89064751103295, 17.35652512177732], [75.88425477158607, 17.4179616328097], [75.8609445167375, 17.385597383463313], [75.8511508283885, 17.41052735175348], [75.821507978098, 17.42122452888658], [75.81372712144993, 17.372762476167324], [75.79300780640847, 17.369699885051137], [75.73366340541523, 17.42009475617148], [75.69079862525861, 17.409475372545643], [75.67594575279021, 17.455944340166596], [75.63305039308301, 17.477215271676645], [75.60667166120888, 17.42037387612101], [75.6135865311433, 17.39191699853085], [75.57421335247741, 17.383301038239985], [75.58091571964314, 17.351225307128008], [75.61009501499251, 17.345042745726683], [75.60380390554698, 17.305506266632346], [75.65778441567312, 17.263211275751605], [75.66197949864262, 17.21458173920192], [75.6254445956259, 17.174004921454], [75.65041406575367, 17.115697723908784], [75.67235543722956, 17.11600126676585], [75.67678162617892, 17.065421945219992], [75.64106500394442, 17.037587810788764], [75.66976010376241, 17.038166691912593], [75.67038636695767, 16.962059357375825], [75.64482282655949, 16.95408624128198], [75.63399801599473, 16.97026637358688], [75.60792949125288, 16.971004225053708], [75.6069543035366, 17.004572532388416], [75.57316451278932, 17.00961304510774], [75.56771912316636, 16.96575300868303], [75.52938182599055, 16.969406840607657], [75.48914572476443, 16.944429972367253], [75.46562105912554, 16.988371647266792], [75.42794719114328, 16.966501391259413], [75.3922049552451, 16.980097257392547], [75.35012120722743, 16.95782325790921], [75.27967408027672, 16.956563008271107], [75.28210063377668, 16.880298112742548], [75.26479054112113, 16.86280763982717], [75.23773223193795, 16.867948549828082], [75.21427366074444, 16.841707203123164], [75.18191942992345, 16.84341021044797], [75.18905951019453, 16.875287753438705], [75.13655613133113, 16.874495285507077], [75.11755597165626, 16.913451511713234], [75.09638247379704, 16.9137500557103], [75.0894080284913, 16.951588448467632], [75.02530995322027, 16.928008781753192], [75.0266609376609, 16.944142537316477], [74.99298475235602, 16.952076488082035], [74.9644312908072, 16.947639283613157], [74.96462042570037, 16.926782663565803], [74.9317838651488, 16.944761217490996], [74.92185239320153, 16.929867836223547], [74.9636544636821, 16.909717861354604], [74.96043647734881, 16.880954131580335], [74.90159212625342, 16.862557212080663], [74.91951971634371, 16.772499550153782], [74.84989692751516, 16.772763640007238], [74.77204709961673, 16.750690390179233], [74.73216960495368, 16.718332475166115], [74.6910979645121, 16.715549942523104], [74.68962851923496, 16.67703455540956], [74.65355656479656, 16.638838756198954], [74.68705943723538, 16.606797823400026], [74.64009205836271, 16.610463448750462], [74.62871153918344, 16.57774198130988], [74.56861576482868, 16.553878924684625], [74.55492545606837, 16.56452195971978], [74.56697356364094, 16.58539837862152], [74.5435724675576, 16.59532818096665], [74.54456908189, 16.63547774531673], [74.48911473641995, 16.630153831111777], [74.46882403724497, 16.663811479508198], [74.45486397069305, 16.6473041587363], [74.46679252238278, 16.606831608134115], [74.39670788900541, 16.58327688815846], [74.37991433212981, 16.528602314958977], [74.35800768682786, 16.538351886716644], [74.35632896014066, 16.5597569002143], [74.31579639600615, 16.554464211647026], [74.3062253721683, 16.503703081196292], [74.30173432665205, 16.5290299623679], [74.28322158386716, 16.524599121550654], [74.27062780006514, 16.547973390966607], [74.27809513749256, 16.50446542329585], [74.24745636187745, 16.49692331245357], [74.26085338776552, 16.48010696915349], [74.29097797759343, 16.504912200214886], [74.28935781926613, 16.46298118420872], [74.33267346296553, 16.45476966866298], [74.33513577031212, 16.401419008876736], [74.36377531561796, 16.405102978722034], [74.353490757255, 16.366430893871946], [74.3359507300227, 16.393753303457245], [74.31727417495418, 16.38101560022987], [74.32711570218534, 16.342521870625287], [74.31668773227882, 16.32657413555307], [74.34262864684305, 16.2980403835765], [74.32090643465212, 16.28448862229013], [74.32501428132603, 16.271769614162658], [74.35054041318084, 16.275380109370058], [74.3456772917621, 16.293775623515106], [74.37308848344342, 16.261649322115026], [74.41447403297451, 16.282664537935652], [74.41768966662003, 16.25801444210456], [74.46869853900651, 16.240199598297632], [74.48055739670154, 16.250139719976943], [74.50317920247923, 16.22542015423777], [74.50714393495203, 16.191614550015096], [74.47990944458203, 16.147140539802113], [74.48297626421594, 16.090127425777876], [74.4276968665458, 16.11198086477634], [74.37229671014862, 16.078226433777623], [74.36140634951761, 16.053852330916623], [74.3774131412061, 16.055136948799596], [74.36912670822457, 16.039236591049704], [74.38106896101898, 16.035500020838484], [74.4297715274911, 16.059168002496875], [74.4633032645966, 16.04285268942558], [74.43089731776472, 15.956608488205992], [74.38693204119792, 15.905007900983756], [74.40623653302309, 15.855403537443078], [74.38820634275096, 15.854279687140194], [74.36868165318839, 15.894386389418216], [74.33827564992806, 15.854945948953327], [74.38315140406961, 15.849132113321799], [74.36041346588857, 15.816887393766208], [74.36755834495992, 15.785844763689411], [74.28580157321092, 15.741619766408672], [74.2683849655155, 15.754765028600934], [74.23828624986271, 15.744089617891152], [74.23356827732925, 15.787022572696888], [74.20903439668953, 15.78129726657468], [74.20150034767416, 15.758649100225588], [74.16162394087094, 15.751322996141747], [74.12223302766472, 15.720760050431986], [74.12583775220253, 15.680996462072484], [74.08816365784479, 15.672502338991011], [74.1183538327733, 15.652040596990107]]]]}}, {"type": "Feature", "properties": {"state_code": "KL", "name": "Kerala"}, "geometry": {"type": "MultiPolygon", "coordinates": [[[[75.53658682930386, 11.693938824344887], [75.61802859242542, 11.47736258753094], [75.68269165500955, 11.448435709682645], [75.74827890076476, 11.318374089823028], [75.84093942433071, 11.083615688878925], [75.91000390482026, 10.793443581823846], [76.10046569411621, 10.381759535684132], [76.2206781349443, 9.998922259930604], [76.2405691152589, 9.982334284270198], [76.34027659883525, 9.40958928569628], [76.51670027145583, 9.017727312800448], [76.54244213642107, 8.913428611232648], [76.63270328950753, 8.835417189369187], [76.97965520264306, 8.382065221352406], [77.09779810741458, 8.29248867977566], [77.14822419416721, 8.331711641557535], [77.16848117956958, 8.332553534658402], [77.17283108358504, 8.318757080693052], [77.17388001759619, 8.358523387673078], [77.1523848465085, 8.35507467547309], [77.15067447307214, 8.384458134764637], [77.16766810003286, 8.383723029823733], [77.20597543749562, 8.44399788947335], [77.22699535039071, 8.446731115514014], [77.20127547528531, 8.500969788757327], [77.26161393400568, 8.50627529103725], [77.28375606367617, 8.54685140048988], [77.2463520882328, 8.603589690871823], [77.25144280681191, 8.620337841286961], [77.20085477716975, 8.668967151607596], [77.20674320690772, 8.684534695318167], [77.16999157904053, 8.741850180160423], [77.19104904151447, 8.741642236905557], [77.19686125369213, 8.768312686031987], [77.22971675791639, 8.78466360073648], [77.26399115562349, 8.84206893499998], [77.25833876990457, 8.874972032966614], [77.2211487048899, 8.904065647688624], [77.2213048859852, 8.927519190106208], [77.1927129127618, 8.926313512430124], [77.19620524368457, 8.954698625123994], [77.14700999349995, 9.021366285015706], [77.16701279699942, 9.044890538208623], [77.19717519062944, 9.046550661534809], [77.21206627114182, 9.099888866730586], [77.26779965130542, 9.153421294028597], [77.25247415809805, 9.189546390942395], [77.28221741937607, 9.216893150524893], [77.28296704371773, 9.301419846029333], [77.29945927330768, 9.311021161307833], [77.29997996289751, 9.336804627972164], [77.32521031456356, 9.337223226160404], [77.34928227250104, 9.441200231004384], [77.36592394492337, 9.460188301875416], [77.3925367067936, 9.459456056981326], [77.41232049024705, 9.509082635352339], [77.40043192706221, 9.52746881084054], [77.3851030741557, 9.519336810032256], [77.36548900312067, 9.53519478813165], [77.3501893697154, 9.567185998199164], [77.36105476167307, 9.602365849241547], [77.33942423962488, 9.573424915282233], [77.31774607812049, 9.602609345833057], [77.26964118955304, 9.572874617524327], [77.23424929302239, 9.581648071167141], [77.20888475551077, 9.61355033919148], [77.16582739901511, 9.61294070168897], [77.20668323358272, 9.694728998866912], [77.20352284722546, 9.722183017835748], [77.22387498667432, 9.730446063265012], [77.22278883815588, 9.788367107662763], [77.24679666985682, 9.798458529415488], [77.22187122885606, 9.823059737693281], [77.23728223269532, 9.851990989022642], [77.2125414844187, 9.877498074020313], [77.21834772998623, 9.904908890535514], [77.24664028035235, 9.952017253500593], [77.2727897980986, 9.964293512469489], [77.25472824853821, 10.01244661221902], [77.26389717657342, 10.029307110386844], [77.20118377975268, 10.107203462288817], [77.23853582179285, 10.130844223014716], [77.26771637837689, 10.122207643029055], [77.2745943967234, 10.1849353629334], [77.2952790897955, 10.218546066864459], [77.28093978148009, 10.236741185955493], [77.25911824975468, 10.23045950223318], [77.26355594702116, 10.263896088071743], [77.22734294720168, 10.316573766283017], [77.23525271029641, 10.352869869019992], [77.17599452062097, 10.358574913364139], [77.12015477363953, 10.31803481324859], [77.09142847623006, 10.315060116029677], [77.04361949900537, 10.28406357385063], [77.04843174343966, 10.259426909772941], [76.98359357405383, 10.219659293726579], [76.91187581337142, 10.234259902237332], [76.87326407997803, 10.27567536990166], [76.87315101711805, 10.297546227649867], [76.84856899127064, 10.28452150124193], [76.82992965969254, 10.30315321540764], [76.84861912624666, 10.367415641613002], [76.81603791900115, 10.423003113104613], [76.84308859699598, 10.536679351345192], [76.83860189752906, 10.596327759920065], [76.81747601127823, 10.602736865086452], [76.81012200440875, 10.623840723749995], [76.81427234229395, 10.635048105047817], [76.88212093597846, 10.638965535985793], [76.86750057086181, 10.694280944315857], [76.89217887544639, 10.718474247936467], [76.90728614721, 10.783407270025698], [76.90075956417569, 10.808025012328178], [76.84824284263537, 10.819528153062825], [76.85385616421586, 10.839684388747225], [76.82838585187616, 10.872638198008037], [76.74074814593199, 10.891062695353854], [76.65905766535936, 10.930588113269302], [76.6997058516541, 11.026658177893516], [76.71815228260134, 11.041000446474293], [76.76656342212057, 11.029179068227158], [76.80077283210672, 11.053978576918693], [76.77812140348419, 11.042178632962937], [76.74648747779064, 11.056751507188222], [76.74806348661669, 11.135479816017911], [76.70019005527033, 11.153631351836916], [76.69797454298008, 11.174204692786512], [76.72862158129914, 11.191436136207859], [76.73454195512859, 11.21807401762112], [76.70580407484184, 11.240444064160286], [76.62891880669147, 11.194251381096308], [76.53384183477418, 11.185680250525456], [76.49580969799536, 11.211453654399605], [76.4723380706875, 11.208833542459193], [76.45841393225535, 11.187765637059615], [76.43859358826819, 11.19904787721422], [76.45306208869451, 11.2394545086324], [76.52166340321345, 11.270664462945895], [76.54572606807936, 11.300396525879169], [76.54783047134538, 11.35896837110648], [76.50815900619108, 11.354208716200233], [76.5177257774044, 11.371646340713179], [76.46035580872693, 11.388889462120371], [76.41559944517824, 11.423255076386527], [76.41868184609073, 11.441866009961204], [76.39790351802334, 11.43636016756541], [76.34220449482609, 11.467675752100961], [76.32601222528592, 11.454063100160791], [76.284414711077, 11.483003598940762], [76.24722594592458, 11.467987698647654], [76.23974677948152, 11.52673150309296], [76.25148013085325, 11.536925642701922], [76.2341379422909, 11.571160994607832], [76.2789878321388, 11.600891232321787], [76.30236480486347, 11.571306998869511], [76.33586040454172, 11.595815545912588], [76.35455837903989, 11.589391723591929], [76.38807684174046, 11.629747244125733], [76.44340840727409, 11.643702824102222], [76.40344433747556, 11.707838160707611], [76.42742528170176, 11.726055115521799], [76.4142155752117, 11.758925686859083], [76.3397217759596, 11.739082952551996], [76.28019269122541, 11.812430347351105], [76.22370610603542, 11.808283397996988], [76.20746179439588, 11.861614459776476], [76.19037489086763, 11.87129129272529], [76.11999716056927, 11.850388543581065], [76.11248340000462, 11.978798815299925], [76.00319106302659, 11.931470339847428], [75.85852052702936, 11.958930661902944], [75.80107932644147, 12.03703515399641], [75.80272633810753, 12.07950439282958], [75.75356265651864, 12.08541465423606], [75.71472284446786, 12.07052089872849], [75.70325813338353, 12.108253216288364], [75.66164594968605, 12.098500870704854], [75.63593251370459, 12.14845474818857], [75.59246747029198, 12.14701333584719], [75.53261177698509, 12.200496696685178], [75.53978247273939, 12.215668638212136], [75.48494460781114, 12.289988164913174], [75.41542060222285, 12.28818390198311], [75.43219408714172, 12.30947844240781], [75.41041427856804, 12.347276621105015], [75.42193761460612, 12.372746205162798], [75.37248555404808, 12.400253002762692], [75.36564208311076, 12.456821813409992], [75.4133247742745, 12.458641716387293], [75.4249611408332, 12.469585877201919], [75.41737282548988, 12.498515068605155], [75.38193968011801, 12.502070385708311], [75.3601070811483, 12.465040665678943], [75.33633549289236, 12.464166704620604], [75.33217424496804, 12.499614234138427], [75.30421340111384, 12.50334649054211], [75.30304949352607, 12.522664028339973], [75.27314218011426, 12.536877091447144], [75.2720706669484, 12.570245133326317], [75.28971861508398, 12.583884593009861], [75.31457185938365, 12.573813935468262], [75.32619029556932, 12.593669274980297], [75.27553271925619, 12.619779893208296], [75.23752371858745, 12.568403723711379], [75.22033850702778, 12.5682010521295], [75.20033539271122, 12.58900660472276], [75.20174170528851, 12.628988241894003], [75.16110704133374, 12.620990286350057], [75.13770764126966, 12.644704309987917], [75.160465422337, 12.671618003330332], [75.15247030940881, 12.6822604542289], [75.11172880791898, 12.680842061214745], [75.08521607255729, 12.705296719354994], [75.0852622980652, 12.673885064962747], [75.04662690304718, 12.666750663703596], [75.05029927252255, 12.719452718635994], [75.0010462211393, 12.715473472179102], [75.01124135491067, 12.727968955745501], [74.98248703365756, 12.738453936151398], [75.00947547816618, 12.76758454726832], [75.00318767631755, 12.791739318042643], [74.86956716930655, 12.760680213615847], [74.88472577709373, 12.71036788402184], [74.88701567258444, 12.708899772749978], [74.88674104322907, 12.712577286355296], [74.8983267124664, 12.714293012936603], [74.90641800711374, 12.695315619546923], [74.88803749364375, 12.707711796631349], [74.92811325816808, 12.611812738158404], [74.94239370617112, 12.637407545884177], [74.94997810845308, 12.636347789578906], [74.93205051387123, 12.614621619250466], [74.93952841997798, 12.595653869474662], [74.94182623321964, 12.607525625048039], [74.946454523345, 12.608809535965461], [74.95409022841284, 12.60521920585212], [74.9385192894187, 12.591406302737223], [74.95374808078239, 12.551021703335598], [74.9564626090096, 12.55010616352282], [74.95359739378337, 12.557799646657383], [74.95988482732274, 12.566311112118992], [74.97573458002486, 12.57110316185945], [74.95531263249526, 12.559022448165747], [74.96385472870166, 12.529501056826991], [74.95810513179421, 12.540811503073458], [75.12691596955577, 12.20244800480465], [75.20124565648693, 12.006354083315292], [75.22761068096811, 12.023476912104492], [75.25033141730977, 12.009835225664986], [75.35640261037628, 11.860293955895877], [75.38625347275735, 11.85638338080758], [75.46158207191142, 11.779859454365207], [75.45394146383872, 11.771655497978541], [75.47621825636023, 11.766933117935238], [75.52456879283542, 11.708302692508239], [75.54441045743756, 11.704809014267502], [75.53658682930386, 11.693938824344887]], [[75.53848825643483, 11.761364662655966], [75.5555057246832, 11.721747549478474], [75.53116885177178, 11.708435936222598], [75.52663646668445, 11.726135068231097], [75.54025252160167, 11.73474174869522], [75.53848825643483, 11.761364662655966]]]]}}, {"type": "Feature", "properties": {"state_code": "CHD", "name": "Chandigarh"}, "geometry": {"type": "MultiPolygon", "coordinates": [[[[76.83785601377225, 30.754532760003606], [76.82648464662908, 30.763519513077036], [76.82425554732012, 30.761314576148447], [76.82002176762313, 30.76107361877199], [76.81779296655488, 30.75465674556878], [76.81501363565968, 30.752981503025577], [76.80502107647641, 30.765274799242118], [76.81911822324574, 30.77294274619412], [76.81966812874357, 30.774957438592857], [76.81733775247116, 30.774913429533306], [76.81850242272859, 30.77795899263694], [76.81316800648426, 30.780191142286665], [76.80248745457436, 30.77570362063335], [76.79750727099601, 30.77243903138413], [76.79798860000335, 30.771329365104137], [76.79149587357377, 30.76897699637429], [76.7913264396331, 30.767517382547712], [76.79012625088762, 30.770848505613312], [76.7826404216401, 30.770787388909003], [76.77928838331023, 30.777995148849303], [76.78699886414232, 30.77958294168464], [76.78275468375097, 30.789230203144243], [76.77540681147657, 30.79062834023525], [76.77148161745271, 30.795266600596648], [76.76168881035102, 30.79152455911813], [76.75875159515473, 30.78783268701824], [76.75168437364306, 30.784293401978978], [76.75220683560894, 30.780265943538478], [76.74364707582916, 30.776150782646177], [76.74537014425708, 30.772654223430614], [76.74394136032299, 30.76969890657734], [76.73062130658006, 30.765065507285147], [76.72483343156006, 30.765993658920706], [76.71165812964709, 30.76166224844295], [76.70517414831681, 30.756075735008157], [76.70842967524582, 30.750394549536022], [76.70587253544963, 30.74744709416185], [76.70661335001328, 30.744696357799224], [76.70515164372233, 30.742971970106787], [76.70743655625819, 30.739505441059425], [76.71415911485656, 30.740976322803107], [76.72123958562034, 30.730018019706325], [76.73106894337434, 30.7236071766271], [76.73118042609772, 30.717455983217462], [76.72867675941716, 30.71593594686612], [76.73133598376222, 30.71263239147269], [76.72905877787318, 30.711826890511258], [76.72999745805627, 30.706879237587305], [76.73907574338438, 30.70579887669342], [76.7393269114395, 30.700378075487404], [76.73786595344517, 30.69985967367097], [76.73959525079128, 30.698117403057402], [76.73929008949601, 30.692905420181678], [76.74714151779278, 30.69555269431115], [76.74773485952954, 30.687595797048598], [76.74991215569102, 30.688360622087796], [76.75241491058159, 30.68454395931862], [76.75898589015387, 30.686609032731965], [76.7639987032383, 30.6864161738395], [76.77659479571058, 30.670401333121585], [76.78121250098698, 30.67434242967625], [76.78995438700409, 30.675635960812215], [76.79632435954841, 30.66771247008289], [76.80025327259753, 30.670258567958573], [76.80305870404334, 30.66641406305318], [76.80857098581559, 30.667368860115392], [76.81179294270243, 30.670263169899936], [76.81632240287519, 30.671434954119444], [76.81659846504347, 30.67293832339838], [76.82075846880115, 30.67494805430321], [76.82182440163244, 30.6784952540314], [76.82729681347746, 30.68218687902152], [76.82921720314576, 30.681027176125202], [76.83186307762739, 30.68328314997252], [76.82760284524025, 30.68772408279935], [76.82618915390123, 30.6867312863767], [76.82513414727872, 30.688300395520443], [76.82752877824676, 30.68984834357252], [76.82736068728741, 30.692022118534215], [76.83019377606419, 30.693502431217087], [76.82857019964722, 30.694706104922854], [76.83525277243565, 30.701608784920776], [76.83552857588913, 30.70363395929403], [76.84410770693974, 30.708254630067426], [76.84832869283044, 30.71451563021111], [76.84674633291533, 30.716937249959674], [76.84942382809501, 30.718326857094127], [76.84500266252468, 30.717247982861053], [76.84355086195636, 30.71926812041541], [76.84603998760744, 30.722340156841575], [76.849380793403, 30.72344579985179], [76.84637197798702, 30.72973225935171], [76.84825647636644, 30.73038209556407], [76.84747820924194, 30.73146432845715], [76.84327039265328, 30.73117473548413], [76.84193853334506, 30.73277991970893], [76.83722370850836, 30.733495668527073], [76.8314779797466, 30.73956440261288], [76.836838970852, 30.742714166449712], [76.83492305838706, 30.741888270559883], [76.83340684951115, 30.746605278363678], [76.83381799045038, 30.749879690749747], [76.83785601377225, 30.754532760003606]]]]}}, {"type": "Feature", "properties": {"state_code": "PB", "name": "Punjab"}, "geometry": {"type": "MultiPolygon", "coordinates": [[[[74.5271597397686, 29.94278637118108], [74.65417740396414, 29.905572585584704], [74.65160155675215, 29.926481048257042], [74.70664205376072, 29.976898752338027], [74.7313937246529, 29.96147296608679], [74.81243347910839, 29.99233814346527], [74.82101080544359, 29.970934744811746], [74.85537132643363, 29.956366523898055], [74.8879696591617, 29.967134478479906], [74.8972779114059, 29.939415666421443], [74.92673643638322, 29.950260273773832], [74.9909139056574, 29.86768915953055], [75.02249751761023, 29.86626689819549], [75.04694322052, 29.885090264338416], [75.06994976395411, 29.877061977967404], [75.08689266664402, 29.915384114198083], [75.0987497995737, 29.912795739749416], [75.11470387901966, 29.878666641804134], [75.09006401783763, 29.85401834318135], [75.1188564761678, 29.831962293966708], [75.10071997297673, 29.806793211967015], [75.13507687555278, 29.80730341851166], [75.15545610459735, 29.77689781046594], [75.16403683644577, 29.82410608638584], [75.19145826622638, 29.841250612788762], [75.2106479695279, 29.832417297654658], [75.2085320552498, 29.79316526613953], [75.22627589135546, 29.789152729188224], [75.24157831852128, 29.7546497784537], [75.226320722678, 29.72888518935477], [75.21030710199672, 29.738815180172434], [75.2006110793837, 29.72648815359312], [75.20677087489763, 29.6875202076869], [75.1675349740785, 29.670186873143095], [75.18759121386265, 29.65180496768769], [75.18304257376026, 29.62840571068794], [75.23535336370821, 29.603075479481543], [75.22169604557673, 29.580290314734466], [75.23534206290194, 29.54207982547574], [75.30944155115166, 29.56084655351579], [75.31990966856482, 29.587425651811923], [75.28966048689857, 29.607823972557473], [75.29570653413795, 29.625046794939905], [75.3165595472398, 29.630630301486164], [75.33373398979586, 29.673487738842862], [75.3601384763692, 29.66261129896417], [75.34569857021668, 29.696015646936416], [75.39223517097797, 29.713297917766347], [75.40628196448071, 29.761266950934427], [75.45394857041097, 29.78201951026388], [75.4595124127856, 29.807529507443306], [75.51857810966531, 29.775829214878136], [75.52301045117608, 29.75841712507482], [75.5620901062212, 29.77024116893196], [75.58004272696854, 29.73944592627115], [75.6297737826943, 29.749930597358087], [75.64243255152228, 29.775101167165662], [75.67714501447428, 29.776588680367972], [75.70641426621792, 29.75320364651426], [75.72064366655663, 29.813556626762463], [75.75614693801285, 29.805023004537805], [75.77879606066006, 29.822371638987367], [75.80561153096743, 29.8047503549136], [75.8377291823735, 29.813037828558464], [75.8702238863487, 29.74932559066957], [75.90630343244959, 29.75403750676512], [75.93866597897514, 29.730690965815263], [75.9843894912166, 29.727133085986594], [76.02607491276257, 29.75618144188252], [76.04344114383515, 29.742726414685386], [76.09805519081542, 29.81063850871431], [76.12392466326337, 29.7909417734096], [76.14545825170255, 29.8191108236459], [76.17371501139114, 29.817941669506215], [76.19779482419747, 29.84479433065507], [76.22052722965466, 29.837879726031844], [76.24379332422215, 29.852441637341375], [76.2467319255189, 29.87598783115345], [76.1934310124648, 29.885655343494097], [76.18778086444922, 29.92066365487557], [76.1719478150215, 29.926306537685], [76.20995335987129, 30.005152919828454], [76.23286697977578, 30.01596978908202], [76.21367786397244, 30.031685441355837], [76.25345729764075, 30.088957396370375], [76.21672059707863, 30.110077007619967], [76.224647517097, 30.127082622625025], [76.20763104687688, 30.15658676054414], [76.32173648977358, 30.09509782823206], [76.36020470831718, 30.12020874334828], [76.33347925908274, 30.138205249963924], [76.35046613789906, 30.14687327269951], [76.36217592556258, 30.120159634131003], [76.4000365928183, 30.11670846433935], [76.39115297510722, 30.135057716732582], [76.41006660366405, 30.145076224655277], [76.38715386051526, 30.170634210266552], [76.4227128580618, 30.192281624407556], [76.44055737464954, 30.1658834423254], [76.42856310580692, 30.150593708025745], [76.45995646446401, 30.129486031897475], [76.46252443075602, 30.10105758622548], [76.50448840370191, 30.093865178024107], [76.51185122124771, 30.072018720909387], [76.54622399974976, 30.075873830323406], [76.57524661543887, 30.10061559831148], [76.53949999845702, 30.108193357989116], [76.54556988069585, 30.1249228751962], [76.59933427502921, 30.112540664394785], [76.64223025457397, 30.149677149237238], [76.60029593950718, 30.183922317577053], [76.61415852807099, 30.204480459676073], [76.64502180255704, 30.188844175122792], [76.62873219157268, 30.179446117460458], [76.63590456627823, 30.16862814142273], [76.65608244693499, 30.18524566003706], [76.65330603286952, 30.201091254467865], [76.61576427562449, 30.209052668315245], [76.62736871066812, 30.224086091893618], [76.59622017885856, 30.237409822112674], [76.59609418924165, 30.25570521847093], [76.56265385302135, 30.225761476170252], [76.5480396503475, 30.222488471258632], [76.5566530530245, 30.26248142099205], [76.62340680609188, 30.264594125162994], [76.68856944067014, 30.327318280202007], [76.74606910990494, 30.34958225709367], [76.74539471318013, 30.36787678163913], [76.71988668237827, 30.363375093416394], [76.7312172525328, 30.379712060662463], [76.71282197614943, 30.390251602905163], [76.74102700096248, 30.426266517005164], [76.77722743784268, 30.441269497821533], [76.78959840441995, 30.41501573150983], [76.82336338369907, 30.411596717301098], [76.84676643810974, 30.43813016905284], [76.85610455304892, 30.41769735865415], [76.88334220548869, 30.40869674044832], [76.89652825843898, 30.359715691239476], [76.93584561399649, 30.384711978013385], [76.93189167747681, 30.400501616879307], [76.91117974029878, 30.399907965504603], [76.9065288395777, 30.43581767737881], [76.88640960004436, 30.429673503211134], [76.91225581780459, 30.46579812452093], [76.89893553139801, 30.48884601286392], [76.93112342926267, 30.500919364554], [76.93199534485723, 30.522238886500602], [76.88647682457035, 30.54987996925633], [76.9161401663308, 30.553716960845307], [76.90963452122914, 30.591929076640348], [76.9259879799723, 30.610117774979916], [76.8711945663793, 30.6421767043557], [76.87642171749052, 30.680557589007496], [76.85299762633254, 30.657247213634275], [76.82729681347746, 30.68218687902152], [76.80857098581559, 30.667368860115392], [76.77659479571058, 30.670401333121585], [76.73929008949601, 30.692905420181678], [76.73106894337434, 30.7236071766271], [76.70515164372233, 30.742971970106787], [76.71165812964709, 30.76166224844295], [76.77148161745271, 30.795266600596648], [76.7826404216401, 30.770787388909003], [76.81316800648426, 30.780191142286665], [76.81501363565968, 30.752981503025577], [76.83785601377225, 30.754532760003606], [76.8569634511567, 30.79480192592862], [76.84667584570825, 30.8339604596315], [76.81397388602394, 30.843041037083072], [76.73716370176001, 30.949607480718786], [76.62471386650836, 30.998826576934192], [76.62906806626751, 31.023532075669326], [76.61096144283943, 31.045884577326447], [76.63859073469193, 31.10810390155727], [76.6020126712191, 31.12379407639051], [76.61238964556355, 31.14822716841099], [76.59998199089178, 31.178514538590417], [76.64539324065565, 31.20912093473324], [76.64177368762746, 31.22273518474582], [76.59319233712483, 31.211694035812357], [76.61214464174793, 31.247890525404546], [76.58771752857463, 31.274257866455002], [76.54918119347796, 31.252815701988304], [76.54289322274603, 31.28249325900665], [76.53931356659453, 31.26110738961851], [76.52376839757098, 31.25819710983184], [76.52740279885252, 31.27722928968465], [76.49732354250538, 31.270544016100796], [76.47953005202243, 31.308253582019024], [76.43967313147434, 31.279040802343626], [76.46379847179762, 31.30145889711924], [76.4317317979873, 31.32686661216119], [76.37395535871175, 31.437225985405007], [76.36778644350106, 31.40394848291108], [76.3310808722585, 31.401245007532562], [76.32960398084596, 31.37858582702743], [76.3544360940752, 31.34495869404424], [76.307561099743, 31.342646289184874], [76.32259412215512, 31.32166181038415], [76.27573265824769, 31.300644056402216], [76.26894013885497, 31.313125283710097], [76.17978880399639, 31.30659228180074], [76.1787887239636, 31.340531812471596], [76.14685480498261, 31.359039872989857], [76.16860606779153, 31.409711237727283], [76.05514925164911, 31.605654804334783], [76.01770459779473, 31.632182871513464], [75.93665079907807, 31.81545157269389], [75.98646171143928, 31.817978882008866], [75.9103671026728, 31.95017612387864], [75.79961422002714, 31.99381456068786], [75.75077717306206, 32.037748111128856], [75.72341823727913, 32.03303120433207], [75.65816910482049, 32.077707219084154], [75.59482340543086, 32.069865839063034], [75.60084237654925, 32.09308306560453], [75.67305892050496, 32.158765597002755], [75.66189947671711, 32.19303900218777], [75.62421351291952, 32.19032402515167], [75.63877319773708, 32.22189751108763], [75.61786247506477, 32.23670714717985], [75.77055113613278, 32.28868730751682], [75.81521307506704, 32.33037703048306], [75.81120736863754, 32.34855244254552], [75.84414959621932, 32.35584349600442], [75.87347687553702, 32.39554087007179], [75.9347380648526, 32.393384884697014], [75.90175045797594, 32.452754423275636], [75.83873440705788, 32.5126967060539], [75.77679087362218, 32.46501909840167], [75.72852439879631, 32.45269366494316], [75.74374282360161, 32.43203983048344], [75.72842924924142, 32.432505586802506], [75.72249291324768, 32.40545692021213], [75.55978194079422, 32.35712889855709], [75.5394797665398, 32.336227378171785], [75.53342603870473, 32.27765453330259], [75.50930624637664, 32.283752892302594], [75.51209740898244, 32.307935936155026], [75.48209885278891, 32.32043846870946], [75.48914421110317, 32.34599461562208], [75.43102006182892, 32.31594404669813], [75.34140744027533, 32.346092764438154], [75.32100632288052, 32.29736283850644], [75.38146525017207, 32.268971331838074], [75.37249873143497, 32.22603706838868], [75.31627203963647, 32.20816960624782], [75.32237280505645, 32.17972979658455], [75.28538133868649, 32.15180470552503], [75.26115332002794, 32.10162563609747], [75.23133504403378, 32.09157978576518], [75.23541754204706, 32.10353011244378], [75.22367258893341, 32.09821433316971], [75.21561213075483, 32.12120785473826], [75.20255572625963, 32.120152127844165], [75.19827082882969, 32.082836881769175], [75.17414866135601, 32.067710879543], [75.12278854230357, 32.08150420442217], [75.10481788787689, 32.05866800364596], [75.06860116813382, 32.06720589513654], [75.01228087817093, 32.035743744521], [74.93393469873865, 32.0655909903998], [74.87935144061645, 32.053838106925845], [74.86874905740765, 32.04186376735275], [74.8799495730686, 32.0318819769005], [74.82885259841066, 31.99918774175326], [74.81894454374618, 31.958661410801543], [74.75533829788984, 31.95582816809603], [74.75614334738621, 31.94381835258233], [74.71964749413492, 31.941464057262728], [74.71897696016582, 31.923825032639], [74.66662846163719, 31.922603540559095], [74.63660310690207, 31.88403082549267], [74.60777452102613, 31.889958203888362], [74.55782216083861, 31.804779006001155], [74.55936893399372, 31.757878018553743], [74.50385494667701, 31.740289463591118], [74.488203805196, 31.720371207301014], [74.53502033716953, 31.67760045786409], [74.55542085359137, 31.607915429488408], [74.61582170659639, 31.569041432122187], [74.61277766105158, 31.527251032343663], [74.58412134060612, 31.520780896267425], [74.57528331778558, 31.50090347329605], [74.63659784007959, 31.48478753643996], [74.62768712558626, 31.476905631729508], [74.6521524108709, 31.457236509980216], [74.63855114222326, 31.444205682423934], [74.65458693871567, 31.42591998837608], [74.60113982664569, 31.41996346991315], [74.58341039951719, 31.379069642143918], [74.55164759612308, 31.364420353226325], [74.5486860114298, 31.334878705278776], [74.52632054351163, 31.31246196315078], [74.5420067237803, 31.303758048245566], [74.5210283507806, 31.27211576894907], [74.53267036594582, 31.249728748064726], [74.51710274263341, 31.228451076020523], [74.52599942274703, 31.211897739711056], [74.5102838522972, 31.1320126179825], [74.54840381107317, 31.122094548482973], [74.56048514822639, 31.082657129373434], [74.60956582638137, 31.09761378070805], [74.60323146125828, 31.13373410557503], [74.63084212923833, 31.132743471157283], [74.63636114927355, 31.118186667363716], [74.65911173303883, 31.13407530751029], [74.68908628804462, 31.128020129489595], [74.70237091672432, 31.0916870355041], [74.66650514001668, 31.05208061045743], [74.59688637564062, 31.03764061830578], [74.56816342086232, 31.05480695773357], [74.54245626320636, 31.017243087828682], [74.54637939020675, 30.992428890317928], [74.41639074134676, 30.940318313970305], [74.41373853823393, 30.929621901280942], [74.42875642852508, 30.931124481450244], [74.41030829976197, 30.923460004105905], [74.42276762732551, 30.90777203948958], [74.36588650206274, 30.89293587158646], [74.36091095468957, 30.8736588787874], [74.38218953118249, 30.860374502001594], [74.32038982970188, 30.846562990168763], [74.29476266702198, 30.794462560710752], [74.30179934761063, 30.77936224766323], [74.26088709255495, 30.774458751172045], [74.28619876870367, 30.735018647837734], [74.23256679053476, 30.724503201054798], [74.19340123768387, 30.665152298430545], [74.14907423739994, 30.631598660472786], [74.12738427562599, 30.634726353391024], [74.11792362509217, 30.60784405378204], [74.10500084679207, 30.619187160582626], [74.09592383976663, 30.611405259024334], [74.1019152029614, 30.57912758581212], [74.07345632413053, 30.554593405264065], [74.09087145589392, 30.549362724942178], [74.07227887354153, 30.522869507172743], [74.05732612188827, 30.51862347852319], [74.03921782669543, 30.54256099242403], [74.03101168782892, 30.526888267184983], [74.01188613861173, 30.53362019122216], [74.01994543437034, 30.51414093586112], [73.98196864818603, 30.503972316561896], [73.9636632644165, 30.484781923154326], [73.9641342529166, 30.456436442046712], [73.93458882851193, 30.490149285372894], [73.92645444347704, 30.438909897276307], [73.97375378038988, 30.44389129880939], [73.87984832119756, 30.359767068301867], [73.93091521217495, 30.320098003613584], [73.95647940564837, 30.2760508762376], [73.97512232240277, 30.120022859835817], [73.90401554367433, 30.05003102013634], [73.88623628160711, 29.99608752705266], [73.89468376185788, 29.973831442243775], [74.5271597397686, 29.94278637118108]]]]}}, {"type": "Feature", "properties": {"state_code": "HR", "name": "Haryana"}, "geometry": {"type": "MultiPolygon", "coordinates": [[[[77.3454328208287, 28.513265547953917], [77.3140954927908, 28.483622531452525], [77.29026055264606, 28.49655561136847], [77.24329706617351, 28.47883489419228], [77.23291482231163, 28.457931161143946], [77.24656468173133, 28.452722274101053], [77.2493021053202, 28.424198572061865], [77.17439688575281, 28.40469199328046], [77.16225891251585, 28.428955008463024], [77.12380553414073, 28.445379343082013], [77.11089242350972, 28.47134370540253], [77.12068900173902, 28.49628341152401], [77.09468073778301, 28.51381359847815], [77.0599457253207, 28.51231016604341], [77.00663455709932, 28.54134537631232], [77.01025990695604, 28.51467366760714], [76.9780925562569, 28.52132262593089], [76.94877599563716, 28.504039229831957], [76.90798019368336, 28.51373631620386], [76.88392277677535, 28.500748600912974], [76.88711065427525, 28.520572019241673], [76.84654032406787, 28.549544468907264], [76.83955903180303, 28.582472679811623], [76.86427451226736, 28.58575925643067], [76.88777656371725, 28.63162349547427], [76.93452705424605, 28.618308632123426], [76.94372785630418, 28.628238452078143], [76.92502484764718, 28.6499242695271], [76.95341594409828, 28.667304203872625], [76.9677892428674, 28.699606999187058], [76.94823396566944, 28.71279734013639], [76.9600076963132, 28.732746769938856], [76.94459058752327, 28.7540581376415], [76.95080437897228, 28.81829587105762], [76.9947920972515, 28.839547980719306], [77.03999808736282, 28.831827153406966], [77.08239546599229, 28.883807228409715], [77.12091150185846, 28.858343381346202], [77.14029918576378, 28.8620888378898], [77.14239630099792, 28.8388884227867], [77.15773012158796, 28.836717764644487], [77.1753801645948, 28.858351822478877], [77.20984478864816, 28.857866895645454], [77.18930409731274, 28.868032809146865], [77.19823114317792, 28.88753850382455], [77.22808214210289, 28.881227037056593], [77.23287692508474, 28.91873124874986], [77.19665200551974, 28.93767976124808], [77.18911555620596, 29.027704065940867], [77.16695490057934, 29.033849390598377], [77.16375123698496, 29.079466111282887], [77.13395977660038, 29.096041158168543], [77.14906645278096, 29.117682478638585], [77.13139798532765, 29.217524189054252], [77.14998278557472, 29.23279631615304], [77.13893642171483, 29.26788050261214], [77.16114708655331, 29.332403955419892], [77.1295163651504, 29.342621371975717], [77.12328113450879, 29.37038784526473], [77.15739362436067, 29.387355460115874], [77.13324339261919, 29.400886518390053], [77.14841006727757, 29.434124545047887], [77.12319840685764, 29.4554155109076], [77.1332962090663, 29.48310400318032], [77.09636351317718, 29.519522791519556], [77.1268296173233, 29.55947905338521], [77.08394810873945, 29.587268356041776], [77.10951893177968, 29.59746403192506], [77.10620406124468, 29.632354884482993], [77.13151473307693, 29.64186513408259], [77.15654885495566, 29.69261279253482], [77.11980291791582, 29.760105476854218], [77.17919567252584, 29.81269906945768], [77.17824605984575, 29.84583046643707], [77.20202881236403, 29.868936115696254], [77.18575518510353, 29.907560211501192], [77.21747603088568, 29.923450937100974], [77.24692204412774, 29.976733755136515], [77.27600008497157, 29.99609125053441], [77.27618736753864, 30.039844691118496], [77.33428643585013, 30.05379104355064], [77.3787797762769, 30.091431712587827], [77.42256760323572, 30.103460668229566], [77.40253467293657, 30.111711741783715], [77.42349162291339, 30.130931119825412], [77.42407327756827, 30.157145609339484], [77.47723718047355, 30.18243722108132], [77.53824339467383, 30.27857914975263], [77.58354008678108, 30.30742285480559], [77.57827046691654, 30.329875543312944], [77.60433801069813, 30.368549713873545], [77.55054504544712, 30.395050408542616], [77.52319335278035, 30.443537501260156], [77.50247582808127, 30.404674290892324], [77.44323091550575, 30.395401322066046], [77.42231347163849, 30.409731654619904], [77.45893859605242, 30.43287756756892], [77.45647038318113, 30.45566810943984], [77.40471361032004, 30.408649184558854], [77.40727175083946, 30.42716777551457], [77.38713031303715, 30.440051863438715], [77.36425142289984, 30.432655880767705], [77.35416376536568, 30.45824795699018], [77.32084472955651, 30.445835469441267], [77.26890606761333, 30.481333849222786], [77.22647027163241, 30.48045576156096], [77.21072468397736, 30.46477852843625], [77.19566842574211, 30.52262101682622], [77.14470655590628, 30.539080090874105], [77.12279910122228, 30.56334323647314], [77.17230448308062, 30.601312428737156], [77.16717552771145, 30.683959706342794], [77.09580040963124, 30.738773838408214], [77.02052074530394, 30.740055285001997], [77.01859499898163, 30.765314660686297], [77.00109824808813, 30.770043525993415], [77.01856840345931, 30.780080466488283], [77.01223446862927, 30.809900537891657], [76.96833810631951, 30.825447723853728], [76.94261563957448, 30.817485326685542], [76.95122748906437, 30.85057946267955], [76.91684865591726, 30.900822486498132], [76.86955500354352, 30.873178073439068], [76.82237924696598, 30.928598909224085], [76.77606142729884, 30.906026052304778], [76.81397388602394, 30.843041037083072], [76.84667584570825, 30.8339604596315], [76.8569634511567, 30.79480192592862], [76.8314779797466, 30.73956440261288], [76.849380793403, 30.72344579985179], [76.82513414727872, 30.688300395520443], [76.83254493845394, 30.6631682550508], [76.85299762633254, 30.657247213634275], [76.87642171749052, 30.680557589007496], [76.8711945663793, 30.6421767043557], [76.9259879799723, 30.610117774979916], [76.90963452122914, 30.591929076640348], [76.9161401663308, 30.553716960845307], [76.88647682457035, 30.54987996925633], [76.93199534485723, 30.522238886500602], [76.93112342926267, 30.500919364554], [76.89893553139801, 30.48884601286392], [76.91225581780459, 30.46579812452093], [76.88640960004436, 30.429673503211134], [76.9065288395777, 30.43581767737881], [76.91117974029878, 30.399907965504603], [76.93189167747681, 30.400501616879307], [76.93584561399649, 30.384711978013385], [76.89652825843898, 30.359715691239476], [76.88334220548869, 30.40869674044832], [76.85610455304892, 30.41769735865415], [76.84676643810974, 30.43813016905284], [76.82336338369907, 30.411596717301098], [76.78959840441995, 30.41501573150983], [76.77722743784268, 30.441269497821533], [76.74102700096248, 30.426266517005164], [76.71282197614943, 30.390251602905163], [76.7312172525328, 30.379712060662463], [76.71988668237827, 30.363375093416394], [76.74539471318013, 30.36787678163913], [76.74606910990494, 30.34958225709367], [76.68856944067014, 30.327318280202007], [76.62340680609188, 30.264594125162994], [76.5566530530245, 30.26248142099205], [76.5480396503475, 30.222488471258632], [76.59609418924165, 30.25570521847093], [76.59622017885856, 30.237409822112674], [76.62736871066812, 30.224086091893618], [76.61576427562449, 30.209052668315245], [76.65330603286952, 30.201091254467865], [76.65608244693499, 30.18524566003706], [76.63590456627823, 30.16862814142273], [76.62873219157268, 30.179446117460458], [76.64502180255704, 30.188844175122792], [76.61415852807099, 30.204480459676073], [76.60029593950718, 30.183922317577053], [76.64223025457397, 30.149677149237238], [76.59933427502921, 30.112540664394785], [76.54556988069585, 30.1249228751962], [76.53949999845702, 30.108193357989116], [76.57524661543887, 30.10061559831148], [76.54622399974976, 30.075873830323406], [76.51185122124771, 30.072018720909387], [76.50448840370191, 30.093865178024107], [76.46252443075602, 30.10105758622548], [76.45995646446401, 30.129486031897475], [76.42856310580692, 30.150593708025745], [76.44055737464954, 30.1658834423254], [76.4227128580618, 30.192281624407556], [76.38715386051526, 30.170634210266552], [76.41006660366405, 30.145076224655277], [76.39115297510722, 30.135057716732582], [76.4000365928183, 30.11670846433935], [76.36217592556258, 30.120159634131003], [76.35046613789906, 30.14687327269951], [76.33347925908274, 30.138205249963924], [76.36020470831718, 30.12020874334828], [76.32173648977358, 30.09509782823206], [76.20763104687688, 30.15658676054414], [76.224647517097, 30.127082622625025], [76.21672059707863, 30.110077007619967], [76.25345729764075, 30.088957396370375], [76.21367786397244, 30.031685441355837], [76.23286697977578, 30.01596978908202], [76.20995335987129, 30.005152919828454], [76.1719478150215, 29.926306537685], [76.18778086444922, 29.92066365487557], [76.1934310124648, 29.885655343494097], [76.2467319255189, 29.87598783115345], [76.24379332422215, 29.852441637341375], [76.22052722965466, 29.837879726031844], [76.19779482419747, 29.84479433065507], [76.17371501139114, 29.817941669506215], [76.14545825170255, 29.8191108236459], [76.12392466326337, 29.7909417734096], [76.09805519081542, 29.81063850871431], [76.04344114383515, 29.742726414685386], [76.02607491276257, 29.75618144188252], [75.9843894912166, 29.727133085986594], [75.93866597897514, 29.730690965815263], [75.90630343244959, 29.75403750676512], [75.8702238863487, 29.74932559066957], [75.8377291823735, 29.813037828558464], [75.80561153096743, 29.8047503549136], [75.77879606066006, 29.822371638987367], [75.75614693801285, 29.805023004537805], [75.72064366655663, 29.813556626762463], [75.70641426621792, 29.75320364651426], [75.67714501447428, 29.776588680367972], [75.64243255152228, 29.775101167165662], [75.6297737826943, 29.749930597358087], [75.58004272696854, 29.73944592627115], [75.5620901062212, 29.77024116893196], [75.52301045117608, 29.75841712507482], [75.51857810966531, 29.775829214878136], [75.4595124127856, 29.807529507443306], [75.45394857041097, 29.78201951026388], [75.40628196448071, 29.761266950934427], [75.39223517097797, 29.713297917766347], [75.34569857021668, 29.696015646936416], [75.3601384763692, 29.66261129896417], [75.33373398979586, 29.673487738842862], [75.3165595472398, 29.630630301486164], [75.29570653413795, 29.625046794939905], [75.28966048689857, 29.607823972557473], [75.31990966856482, 29.587425651811923], [75.30944155115166, 29.56084655351579], [75.23534206290194, 29.54207982547574], [75.22169604557673, 29.580290314734466], [75.23535336370821, 29.603075479481543], [75.18304257376026, 29.62840571068794], [75.18759121386265, 29.65180496768769], [75.1675349740785, 29.670186873143095], [75.20677087489763, 29.6875202076869], [75.2006110793837, 29.72648815359312], [75.21030710199672, 29.738815180172434], [75.226320722678, 29.72888518935477], [75.24157831852128, 29.7546497784537], [75.22627589135546, 29.789152729188224], [75.2085320552498, 29.79316526613953], [75.2106479695279, 29.832417297654658], [75.19145826622638, 29.841250612788762], [75.16403683644577, 29.82410608638584], [75.15545610459735, 29.77689781046594], [75.13507687555278, 29.80730341851166], [75.10071997297673, 29.806793211967015], [75.1188564761678, 29.831962293966708], [75.09006401783763, 29.85401834318135], [75.11470387901966, 29.878666641804134], [75.0987497995737, 29.912795739749416], [75.08689266664402, 29.915384114198083], [75.06994976395411, 29.877061977967404], [75.04694322052, 29.885090264338416], [75.02249751761023, 29.86626689819549], [74.9909139056574, 29.86768915953055], [74.92673643638322, 29.950260273773832], [74.8972779114059, 29.939415666421443], [74.8879696591617, 29.967134478479906], [74.85537132643363, 29.956366523898055], [74.82101080544359, 29.970934744811746], [74.81243347910839, 29.99233814346527], [74.7313937246529, 29.96147296608679], [74.70664205376072, 29.976898752338027], [74.65160155675215, 29.926481048257042], [74.65417740396414, 29.905572585584704], [74.59668777519929, 29.91226880408077], [74.53174305484096, 29.949197628002864], [74.51882910608178, 29.929945967750893], [74.5100195068552, 29.90819274202544], [74.5436210268886, 29.90143864413761], [74.56103623051722, 29.869643852978417], [74.53911753341744, 29.8405914730163], [74.4850827084543, 29.81501363362097], [74.47724789629534, 29.74531176905002], [74.57588675478948, 29.748307861243717], [74.58726763778644, 29.7669050715591], [74.616092094107, 29.752155861702988], [74.5749328535522, 29.5643194595746], [74.6218572525301, 29.522243971132674], [74.58461269211706, 29.45850035670764], [74.54330776368778, 29.46789644075338], [74.5346190588338, 29.44770786497685], [74.53658439660562, 29.42454469140762], [74.56637522188133, 29.42048058902209], [74.60287103470841, 29.3649056306136], [74.59925183112487, 29.327458506498367], [74.65447469242427, 29.332929105642567], [74.65819325327153, 29.37196376836852], [74.76217010150826, 29.354375734992388], [74.85051890754318, 29.40360721227946], [74.93825471221136, 29.36203866686257], [74.9608620676894, 29.320258784124164], [74.94837725222631, 29.30147705059991], [74.96113758458029, 29.280583973777553], [74.99864107628916, 29.270690403178858], [75.04999435377239, 29.28615014667052], [75.07551157883117, 29.229695063050187], [75.11957597820135, 29.22286640820689], [75.12435521583718, 29.23987516276756], [75.16280220000411, 29.244022468551236], [75.1879898421683, 29.268268057835137], [75.21011552997417, 29.23465422458], [75.23836710279029, 29.23024434862051], [75.244839665635, 29.250136602937523], [75.28408284550287, 29.248862416737207], [75.28832685162105, 29.273358177621898], [75.32293364754284, 29.289478097834618], [75.34058247962065, 29.281142975462963], [75.32809504197525, 29.23532138050704], [75.34981741676128, 29.223778989279985], [75.37894820398363, 29.256866483454615], [75.41049835728538, 29.255689255213788], [75.39680045416765, 29.217541994264202], [75.41435848633319, 29.18431492967924], [75.38127287775059, 29.168895523834163], [75.37147440856765, 29.13809775606301], [75.40214334781332, 29.127895155730993], [75.39123600632851, 29.062714622548942], [75.44180608763128, 29.057525390523093], [75.44570223732536, 29.008301249467966], [75.52179861756959, 29.003874862226763], [75.52739587996778, 28.97101377564093], [75.51153437281013, 28.942069971035117], [75.47336689674893, 28.92338929698415], [75.49651479907617, 28.89632345322726], [75.49844072236661, 28.848964308894985], [75.52021801296256, 28.834004394819104], [75.50344242418927, 28.782408738931725], [75.53033748073926, 28.747441376299324], [75.54298583180487, 28.750401379728025], [75.53042868219849, 28.738259660618514], [75.56149396533407, 28.613221116361956], [75.62168268298136, 28.602073365363655], [75.63345142258541, 28.544448706152373], [75.66577711572643, 28.535998339109323], [75.70195653741892, 28.491777770259787], [75.73945114029804, 28.484770725411575], [75.73564764374066, 28.46884746862769], [75.78827518864097, 28.453560920786117], [75.7666970500519, 28.414231560795276], [75.77676252279181, 28.40041585790184], [75.81903960442831, 28.40984180134253], [75.9182313795731, 28.372002297985144], [75.9578422722261, 28.313817203153704], [75.97249131695654, 28.318569784280303], [75.98621212980893, 28.293113768473003], [76.02631811276113, 28.275029121409833], [76.01613626147952, 28.236950758699386], [76.05596470363649, 28.220272462709723], [76.0473579422044, 28.198135137617403], [76.07193196136767, 28.19432562685494], [76.09544126761179, 28.15086053892688], [76.07469326577004, 28.137126125258554], [76.07063276031158, 28.165133760961748], [76.03179555247681, 28.16785108904976], [76.00748573053352, 28.153137190185788], [75.99899276498668, 28.12276494188475], [75.94560815679587, 28.107155238143616], [75.93861861799674, 28.087930254352294], [75.98343279801544, 28.081340647602193], [75.98442223211377, 28.04707744994903], [76.02321069017471, 28.085984210826204], [76.04079173088962, 28.07404602371675], [76.02535322333128, 28.054229548357196], [76.00829999404979, 28.05838494420769], [76.01641580102627, 28.030490156949945], [75.99461934128047, 28.038505545297657], [75.97272966515425, 28.02362439345322], [75.9955350245923, 28.006880911766586], [75.98993009417485, 27.99468547849681], [75.96674040222062, 28.00002325361396], [75.96581694219337, 27.983601351288552], [75.9999544851602, 27.977569614248562], [75.97270865625468, 27.932656994874435], [75.95168167002507, 27.947712564074937], [75.93239627099297, 27.930129983767312], [75.9383137055348, 27.9140729211445], [75.98748351004069, 27.904152993619352], [75.97137211852048, 27.851956598389656], [75.98702724492809, 27.84166211151034], [76.04807952473612, 27.834974815104918], [76.0856552688416, 27.8446952144052], [76.08888616037224, 27.860547608775835], [76.12333027498934, 27.851018794359348], [76.13226539311567, 27.824469445922645], [76.1749645769345, 27.798061983454293], [76.19959668655395, 27.821550544395922], [76.21732736054406, 27.816802837726986], [76.2251819365376, 27.833246742038824], [76.19380571144791, 27.859500762783693], [76.20146857168847, 27.892535149081116], [76.16815876067895, 27.90337256369765], [76.1866379711509, 27.965471615796677], [76.15777992233029, 27.98897276794449], [76.17688920754927, 28.02154265285068], [76.2147388381034, 28.026578187060625], [76.18040387148827, 28.054515718988736], [76.23799982485016, 28.049704600442183], [76.26095974482273, 28.067528353379352], [76.29355572396477, 28.04920040119162], [76.29897526366712, 28.022702581458393], [76.31894882880071, 28.015522181513955], [76.34231064245498, 28.030563232761388], [76.35560359133082, 28.070722392170115], [76.30144015187352, 28.09786257646583], [76.33658970270345, 28.102597132130875], [76.3598582514683, 28.12491441801643], [76.29758313279324, 28.149110141666725], [76.30455801378186, 28.159323562724623], [76.28070673418044, 28.16552987446277], [76.29226174840869, 28.17921600594131], [76.34523802469218, 28.169401928710492], [76.38072378888181, 28.133405415277235], [76.47572146201739, 28.148585994480744], [76.47204205693676, 28.135076986207224], [76.50180835461191, 28.118858823582478], [76.49916612639203, 28.100240399870266], [76.46367410813137, 28.108962271808906], [76.44782557354475, 28.088960153993927], [76.50152197978419, 28.06006313954058], [76.46150401556015, 28.058662668305132], [76.45465509993393, 28.0423239823817], [76.54380594251575, 28.03422037355829], [76.53593523727125, 27.979530383807408], [76.54812381081155, 27.963851840469783], [76.58876321607437, 27.997965414582538], [76.668139026519, 28.01384028477728], [76.65437555267374, 28.03469927784881], [76.65724817989943, 28.08931270446216], [76.68734189732595, 28.087671120740787], [76.71574083337457, 28.127752181764475], [76.74354733498487, 28.12104314692011], [76.76243472015898, 28.142651799889965], [76.79480051589094, 28.148411953025814], [76.8083882154862, 28.21088730052009], [76.84847308982584, 28.22164716322025], [76.90675440295229, 28.200329755476943], [76.8925072312423, 28.183606983016755], [76.97053708601528, 28.138448502856356], [76.93078160861897, 27.993553459571455], [76.93151209615014, 27.92264359640867], [76.95159919126766, 27.918320679913997], [76.95055248777336, 27.89593733064471], [76.93763327488664, 27.896516668531433], [76.94229257665224, 27.842915519311006], [76.93567588720502, 27.82910381834732], [76.91419862852408, 27.833397795866226], [76.91897827758828, 27.804433752121767], [76.89239449806405, 27.733472995526892], [76.92443737190924, 27.699936206558295], [76.88958583178493, 27.700765132414777], [76.91054275930387, 27.654688296606643], [76.94307157590367, 27.673830042695563], [76.97908642803273, 27.653612087612277], [77.00008835755415, 27.736985518973427], [77.03646381589611, 27.748628075194645], [77.05962370534252, 27.726500354974654], [77.08565183284607, 27.738106559223123], [77.07620918724548, 27.766394312856935], [77.0265671123436, 27.779256289256143], [77.04478851171889, 27.821833301642098], [77.10846971659579, 27.786328477081177], [77.12284240720548, 27.793476632563248], [77.13521031322256, 27.775938080402], [77.15751877584941, 27.786475024076537], [77.15995891007982, 27.81750376066979], [77.18960125641549, 27.809840966388325], [77.16908821252956, 27.79175099521795], [77.17701557541733, 27.786320393856055], [77.19856093358332, 27.799675411971318], [77.20206435420826, 27.82461152114662], [77.21064387243274, 27.80195171619133], [77.2426833407647, 27.784895513180697], [77.26874884716722, 27.814958739610702], [77.28369488032048, 27.80108255520394], [77.29647098798918, 27.825238508454845], [77.33528836012418, 27.833796819533852], [77.34832495317413, 27.855569924177534], [77.42184823055956, 27.854401121549852], [77.40931408321431, 27.874194922520523], [77.42012707733981, 27.890466043056243], [77.46090891677915, 27.87622530911847], [77.47874846119181, 27.894473168575058], [77.47527653729739, 27.92927649369929], [77.49223286980076, 27.938501420678296], [77.52938329036532, 27.925510543016355], [77.54500349656288, 27.953589455022428], [77.51884924200016, 27.962390043016036], [77.54240535406386, 27.9892591779279], [77.51273512312349, 28.031921327830432], [77.48363300563342, 28.040478003632707], [77.50123377784357, 28.058546639861255], [77.47425340559613, 28.087462508119792], [77.4826114217294, 28.10721365836645], [77.49937317734565, 28.094634146610566], [77.51235145176734, 28.12488375579316], [77.49134939558347, 28.136565045276388], [77.50209658452115, 28.161222111899153], [77.54963768502643, 28.179790096399596], [77.51556937701517, 28.1929161086425], [77.50325345291033, 28.180802970446727], [77.49729090766988, 28.206043728801756], [77.53036989746545, 28.198739916407458], [77.52128697323724, 28.224476199294536], [77.5504251841371, 28.2423838474094], [77.49268732840133, 28.252002028067608], [77.50707516101346, 28.305701031724766], [77.47122017936059, 28.33484241604158], [77.50482622600472, 28.370008525022644], [77.47344550125375, 28.396997054887695], [77.47762753978704, 28.419069929391533], [77.4355215369065, 28.430967427434368], [77.43343833927105, 28.454931332111656], [77.40005478106829, 28.455658624363792], [77.40809433724684, 28.46718807675916], [77.38046640095209, 28.470289671114017], [77.37173240663473, 28.498453408587526], [77.3454328208287, 28.513265547953917]]]]}}]}